tag,Temp_amb,Transparencia,Temp_agua,Oxidacion,Conductividad,pH,Sulfuros,pH_CEA,OD,Hierro,DQO,DBO,Colif_Fecales,Colif_Totales,SST,Alc_Total,Cl-Total,Conductividad,Dureza,Fl,P_Total,Nitratos,Nitritos,N_total,SDT,SS,Solidos_Totales,Sulfatos,Al,As,Ba,Cu,Mn,Pb,Na,Zn,Turbiedad,Año,Mes,Est
01-may-15,27,0.1,23.38,4.6,0.844,7.9,2.3,9.31,12.79,0.23,267.32,30,15000,46000,62,388.72,72.73,918,147.07,1,1.27,0.13,0.022,9.28,698,0.1,760,13.67,0.4059,0.0025,0.0139,0.05,0.062,0.0025,124.3,0.02,60,15,5,1
02-may-15,22,0.12,20.91,4.5,0.819,7.79,2.3,9.4,13.78,0.094,274.87,30.84,150,430,42,396.89,72.58,899,158.76,1.11,1.12,0.11,0.022,8.66,703,0.1,745,13.32,0.0968,0.0025,0.012,0.05,0.05,0.0025,124.8,0.038,50,15,5,2
03-may-15,24,0.12,22.51,6.17,0.841,7.45,2.4,9.28,7.23,0.086,227.75,23.22,230,930,64,387.28,73.15,960,161.88,1.17,1.2,0.1,0.022,8.25,718,0.1,782,15.19,0.099,0.0025,0.012,0.05,0.05,0.0025,125.7,0.024,50,15,5,3
04-may-15,24,0.12,25.28,8.18,0.838,7.58,2.8,9.38,12.32,0.082,246.42,33.36,40,90,71,386.32,72.11,921,149.8,1.14,1.14,0.12,0.022,8.73,715,0.1,786,12.44,0.01298,0.0025,0.0135,0.05,0.05,0.0025,125.4,0.023,60,15,5,4
05-may-15,25,0.12,23.48,4.8,0.841,7.8,4,9.47,15.97,0.102,792.75,36.6,90,150,62,408.42,73.25,900,156.03,1.12,1.11,0.12,0.022,8.55,691,0.1,753,13.72,0.1892,0.0025,0.0132,0.05,0.05,0.0025,125,0.042,50,15,5,5
01-jun-15,25,0.12,25.82,7.9,0.846,7.35,1.2,9.23,5.75,0.15,201.11,33.6,2400,2400,86,401.7,74.87,965,144.74,1.1,1.21,0.16,0.022,8.11,660,0.1,746,2.95,0.187,0.0025,0.0151,0.05,0.06,0.0025,127.6,0.051,55,15,6,1
02-jun-15,22,0.07,24.61,3.1,0.813,7.3,3.1,9.4,12.82,0.108,196.44,27.6,70,430,78,410.83,75.63,949,153.5,1.17,1.25,0.12,0.022,8.55,694,0.1,772,2.95,0.0781,0.0025,0.0156,0.05,0.053,0.0025,127.6,0.034,75,15,6,2
03-jun-15,23,0.1,24.09,3.03,0.819,7.32,3.2,9.32,9.92,0.108,205.2,29.7,90,230,73,408.42,75.25,948,144.15,1.43,1.24,0.12,0.022,8.61,683,0.1,756,2.98,0.1243,0.0025,0.0144,0.05,0.053,0.0025,126.9,0.023,55,15,6,3
04-jun-15,25,0.15,23.67,4.2,0.801,7.41,2,9.23,3.73,0.097,190.89,23.52,230,430,76,396.89,74.92,959,152.33,1.26,1.2,0.15,0.022,8.04,688,0.1,744,298,0.1606,0.0025,0.0155,0.05,0.053,0.0025,126,0.04,65,15,6,4
05-jun-15,25,0.12,24.39,5.1,0.836,7.39,3.4,9.26,7.54,0.115,204.3,16.41,2400,2400,78,406.98,74.97,953,155.64,1.77,1.21,0.16,0.022,8.47,681,0.1,759,2.95,0.1969,0.0025,0.0151,0.05,0.055,0.0025,126.1,0.02,75,15,6,5
01-jul-15,26,0.15,25.42,8,0.723,7.65,2.2,8.22,4.63,0.255,114.37,9.72,110000,110000,56,331.09,59.81,752,142,0.76,1.19,0.18,0.022,7.06,580,0.1,636,13.16,0.5214,0.0025,0.0096,0.05,0.063,0.0025,101.7,0.053,60,15,7,1
02-jul-15,22,0.15,25.12,4.4,0.689,7.39,2.06,8.27,4.32,0.143,132.77,10.2,11000,11000,62,355.61,63.62,786,147.8,0.86,1.24,0.15,0.022,5.97,577,0.1,639,11.81,0.3157,0.0025,0.0115,0.05,0.05,0.0025,108,0.042,50,15,7,2
03-jul-15,24,0.15,24.4,4.3,0.709,7.65,1.2,8.22,4.78,0.106,121.96,9.48,430,930,46,358.55,62.27,773,152.43,0.84,1.21,0.2,0.022,6.43,621,0.1,667,11.53,0.1804,0.0025,0.01,0.05,0.031,0.0025,108.9,0.026,50,15,7,3
04-jul-15,24,0.15,24.1,4.54,0.718,7.63,2.1,8.24,4.38,0.374,136.57,9.15,15000,46000,60,342.37,66.45,778,141.8,0.89,1.18,0.15,0.022,6.14,574,0.1,634,12.23,0.781,0.0025,0.0095,0.05,0.05,0.0025,106,0.425,50,15,7,4
05-jul-15,24,0.15,24.34,6.11,0.78,7.61,2,8.29,4.3,0.262,132.48,8.85,2300,9300,57,345.31,61.9,778,141.8,0.72,1.18,0.2,0.022,6.97,564,0.1,621,10.94,0.5522,0.0025,0.0097,0.05,0.05,0.0025,106.8,0.682,50,15,7,5
01-ago-15,25,0.35,26.15,3.2,0.708,7.35,1.28,8.86,6.63,0.068,154.68,11.07,430,930,30,340.62,57,798,125.88,0.8,1.16,0.12,0.022,7.72,557,0.1,587,10.72,0.0572,0.0025,0.0078,0.05,0.146,0.0025,101.6,0.052,32,15,8,1
02-ago-15,21,0.25,26.15,1.51,0.706,7.2,1.4,9.06,5.04,0.05,93.37,17.01,230,930,37,340.14,56.95,783,135.94,0.72,1.17,0.1,0.022,7.12,556,0.1,593,10.38,0.0924,0.0025,0.0075,0.05,0.106,0.0025,100.7,0.036,32,15,8,2
03-ago-15,22,0.3,25.17,1.5,0.704,7.33,1.58,9.08,4.98,0.052,102.39,19.62,90,230,46,353.31,57.49,775,131.8,0.77,1.21,0.11,0.022,7.59,558,0.1,604,10.72,0.1078,0.0025,0.0089,0.05,0.075,0.0025,101.1,0.036,30,15,8,3
04-ago-15,23,0.35,24.47,1.9,0.708,7.46,1.22,9.05,4.47,0.05,97.81,16.17,230,430,32,337.7,58.75,777,129.82,0.83,1.2,0.1,0.022,6.88,568,0.1,600,9.72,0.0715,0.0025,0.0073,0.05,0.084,0.0025,99.7,0.036,29,15,8,4
05-ago-15,24,0.4,25.65,3.37,0.71,7.36,1.34,9.07,4.26,0.056,92.38,16.26,400,900,39,344.04,58.84,775,134.95,0.89,1.07,0.1,0.022,6.88,565,0.1,604,9.45,0.1111,0.0025,0.0087,0.05,0.73,0.0025,100.9,0.039,27,15,8,5
01-sep-15,24,0.25,25.43,1.68,0.707,7.43,2.3,8.79,2.22,0.05,147.98,11.31,430,430,14,350.52,56.71,804,142.2,0.91,1.15,0.12,0.022,6.8,566,0.1,580,8.55,0.0671,0.0025,0.005,0.05,0.087,0.0025,98.2,0.02,28,15,9,1
02-sep-15,22,0.26,26.05,6.25,0.697,7.37,2.34,8.88,3.24,0.05,155.11,10.89,230,230,20,352,55.74,819,146.6,0.93,1.1,0.1,0.022,6.72,593,0.1,613,9.05,0.055,0.0025,0.005,0.05,0.085,0.0025,97.8,0.02,30,15,9,2
03-sep-15,24,0.3,25.23,2.18,0.71,7.47,2.1,8.74,1.7,0.05,95.56,10.08,230,430,22,346.48,55.79,821,143.8,0.93,1.13,0.1,0.022,6.42,572,0.1,594,8.02,0.0583,0.0025,0.005,0.05,0.106,0.0025,98,0.02,24,15,9,3
04-sep-15,24,0.35,25.05,4.29,0.706,7.47,2.5,8.79,2.25,0.05,98.09,12.03,430,930,19,344.11,55.04,825,145.8,0.93,1.14,0.1,0.022,6.44,435,0.1,454,8.26,0.0484,0.0025,0.005,0.05,0.094,0.0025,96.1,0.029,27,15,9,4
05-sep-15,24,0.25,25.53,4.45,0.7,7.53,2.58,8.75,1.54,0.05,94.55,9.78,2400,4600,11,353.48,93.82,823,136.6,0.89,1.17,0.1,0.022,5.49,545,0.1,556,8.18,0.0517,0.0025,0.005,0.05,0.102,0.0025,96.7,0.02,25,15,9,5
01-oct-15,27.4,0.15,24.03,9.72,0.66,7.64,1.38,8.7,1.7,0.177,97.78,19.08,110000,110000,20,325.7,53.3,779,142.43,0.84,1.33,0.1,0.022,7.92,567,0.1,587,8.56,0.01,0.0025,0.0085,0.05,0.203,0.0025,84.4,0.052,45,15,10,1
02-oct-15,26.2,0.15,22.53,4.49,0.618,7.6,1.8,9.25,8.62,0.081,164.02,11.07,430,430,20,329.11,56.61,772,149.04,0.95,1.01,0.1,0.022,6.14,563,0.1,583,8.87,0.01,0.0025,0.0095,0.05,0.065,0.0025,87.8,0.045,55,15,10,2
03-oct-15,24.4,0.15,22.79,8,0.658,7.62,2.26,9.14,5.14,0.0072,96.77,11.7,230,230,22,324.23,57.4,775,147.04,0.97,1.05,0.1,0.022,6.38,572,0.1,594,8.65,0.01,0.0025,0.0098,0.05,0.09,0.0025,86.5,0.041,60,15,10,3
04-oct-15,24.7,0.15,23.78,8.3,0.661,7.96,1.54,9.16,6.09,0.059,96.26,10.62,230,230,24,325.7,57.05,767,139.82,0.95,1.04,0.1,0.022,6.14,548,0.1,572,11.05,0.01,0.0025,0.0105,0.05,0.074,0.0025,87.5,0.037,55,15,10,4
05-oct-15,28.6,0.15,24.02,10.1,0.655,7.65,1.68,9.13,4.82,0.064,91.73,10.11,2400,2400,32,334,55.12,772,155.06,0.97,1.02,0.1,0.022,8.03,555,0.1,587,10.07,0.01,0.0025,0.005,0.05,0.074,0.0025,87.3,0.033,60,15,10,5
01-nov-15,,,,,,,6.4,9.33,13.89,0.362,206.81,22.11,110000,110000,72,306.73,53.32,696,134.39,0.9,1.11,0.1,0.022,8.15,500,0.1,572,7.82,0.3432,0.0025,0.0096,0.05,0.05,0.0051,86.3,0.02,75,15,11,1
02-nov-15,,,,,,,2.5,9.41,14.7,0.137,202.05,19.08,11000,24000,64,320.74,55.61,733,136.74,0.92,0.9,0.1,0.022,5.38,512,0.1,576,7.72,0.01,0.0025,0.0098,0.05,0.05,0.0025,92.8,0.02,65,15,11,2
03-nov-15,,,,,,,7.3,9.11,10.28,0.159,194.69,14058,46000,46000,50,314.65,54.58,691,133.42,0.89,1.03,0.1,0.022,6.44,503,0.1,553,8.4,0.01,0.0025,0.0073,0.05,0.058,0.0025,92.4,0.02,60,15,11,3
04-nov-15,,,,,,,2.64,9.2,10.07,0.092,190.29,13.11,930,2400,49,319.32,55.68,733,136.74,0.91,1.03,0.1,0.022,6.5,496,0.1,545,8.07,0.01,0.0025,0.0101,0.05,0.05,0.0025,94.3,0.02,65,15,11,4
05-nov-15,,,,,,,2.6,9.17,8.84,0.083,186.96,12.51,2400,4600,48,322.16,55.75,711,132.64,0.94,0.99,0.1,0.022,6.03,517,0.1,565,8.83,0.01,0.0025,0.0095,0.05,0.05,0.0025,92,0.02,60,15,11,5
01-dic-15,26,0.15,19.44,6,0.655,7.38,,,,,,,,,,,,,,,,,,,,,,,,,,,,,,,,15,12,1
02-dic-15,20.3,0.15,18.64,4.17,0.654,7.27,,,,,,,,,,,,,,,,,,,,,,,,,,,,,,,,15,12,2
03-dic-15,19.4,0.15,19.3,6.13,0.661,7.31,,,,,,,,,,,,,,,,,,,,,,,,,,,,,,,,15,12,3
04-dic-15,21.3,0.15,19.91,8.4,0.653,7.31,,,,,,,,,,,,,,,,,,,,,,,,,,,,,,,,15,12,4
05-dic-15,24,0.15,19.49,6.66,0.66,7.45,,,,,,,,,,,,,,,,,,,,,,,,,,,,,,,,15,12,5
01-ene-16,17,0.15,16.64,4.9,0.68,7.48,2.6,9.09,6.24,0.092,151.46,13.77,2400,4600,52,321.11,57.72,773,141.86,0.89,1.11,0.1,0.022,7.11,533,0.1,585,11.39,0.1573,0.0025,0.009,0.05,0.087,0.0025,104.7,0.044,75,16,1,1
02-ene-16,14,0.15,16.07,4.94,0.679,7.22,2.98,9.16,7.01,0.055,140.66,15.18,230,230,47,317.58,57.29,764,117.02,0.94,1.16,0.1,0.022,7.53,568,0.1,615,12.62,0.0176,0.0025,0.0052,0.05,0.076,0.0025,99,0.02,70,16,1,2
03-ene-16,14,0.15,16.07,4.94,0.679,7.22,2.52,9.19,7.77,0.05,127.51,15.57,390,2100,53,323.08,58.25,763,112.85,0.85,1.1,0.1,0.022,7.58,528,0.1,581,12.75,0.1199,0.0025,0.0052,0.05,0.067,0.0025,100.5,0.44,70,16,1,3
04-ene-16,16,0.15,16.31,6.62,0.676,7.49,2.32,9.23,7.42,0.06,129.85,13.98,2400,11000,47,324.06,58.16,766,130.33,0.79,1.16,0.1,0.022,7.41,543,0.1,590,11.75,0.0583,0.0025,0.0063,0.05,0.06,0.0025,99.4,0.02,80,16,1,4
05-ene-16,16,0.15,16.31,6.62,0.676,7.49,2.9,9.2,6.4,0.134,121.96,17.79,4300,15000,58,321.31,57.96,766,133.71,0.79,1.06,0.1,0.022,8.23,543,0.1,601,12.75,0.2189,0.0025,0.0091,0.05,0.058,0.0025,101,2.05,70,16,1,5
01-feb-16,26,0.15,20.75,9.3,0.691,7.71,2.34,9.14,9.9,0.08,168.4,23.28,24000,46000,74,335.44,57.97,802,141.25,0.81,1.43,0.1,0.022,9.09,519,0.1,593,9.46,0.0693,0.0025,0.0099,0.05,0.116,0.0025,106.7,0.02,70,16,2,1
02-feb-16,24,0.15,19.5,3.33,0.695,7.86,2.28,9.33,12.77,0.05,177.4,17.88,430,930,65,338.59,58.21,801,153.79,5.87,1.29,0.1,0.022,8.13,538,0.1,603,12.14,0.0528,0.0025,0.0103,0.05,0.086,0.0025,105.5,0.02,70,16,2,2
03-feb-16,26,0.15,19.75,10.78,0.7,7.83,2.22,9.33,12.9,0.05,176.29,17.25,430,2400,60,337.21,58.12,802,143.53,0.99,1.25,0.1,0.022,7.58,498,0.1,558,9.61,0.0935,0.0025,0.0135,0.05,0.078,0.0025,102.6,0.02,75,16,2,3
04-feb-16,26,0.15,20.26,7.29,0.692,7.73,4.08,9.4,13.29,0.05,181.84,19.14,4600,4600,49,334.45,58.69,799,137.08,0.99,1.24,0.1,0.022,7.34,560,0.1,609,9.92,0.099,0.0025,0.0114,0.05,0.069,0.0025,105.3,0.181,70,16,2,4
05-feb-16,26,0.15,19.48,5.25,0.693,7.77,3.08,9.41,12.74,0.071,153.21,19.86,230,430,64,335.44,58.31,803,144.48,0.64,1.25,0.15,0.022,7.91,524,0.1,588,40.65,0.0638,0.0025,0.0085,0.05,0.57,0.0025,105.9,0.033,75,16,2,5
01-mar-16,23,0.15,19.46,9.22,0.71,7.91,4.44,9.1,10.37,0.101,167.53,15.69,46000,46000,32,342.93,59.55,800,135.36,0.81,1.44,0.1,0.022,7.95,555,0.1,587,10.83,0.2002,0.0025,0.0146,0.05,0.073,0.0025,107,0.024,75,16,3,1
02-mar-16,22,0.13,18,5.3,0.693,7.66,4.28,9.43,19.54,0.088,174.24,18.09,230,430,12,337.8,61.89,802,136.06,0.84,1.21,0.1,0.022,7.76,604,0.1,616,10.29,0.1474,0.0025,0.012,0.05,0.05,0.0025,108.7,0.065,75,16,3,2
03-mar-16,23,0.13,21.37,14.2,0.709,7.83,5.4,9.51,18.81,0.088,183.59,26.52,90,230,56,341.16,62.89,792,183.59,0.82,1.18,0.1,0.022,8.07,591,0.1,647,9.54,0.1474,0.0025,0.0113,0.05,0.05,0.0025,106.7,0.02,75,16,3,3
04-mar-16,23,0.13,21.43,15,0.706,7.83,5.32,9.49,17.87,0.069,158.76,21.84,90,90,35,337.61,63.03,799,136.43,0.83,1.14,0.1,0.022,7.7,595,0.1,630,10.44,0.0528,0.0025,0.0099,0.05,0.05,0.0025,107.9,0.024,70,16,3,4
05-mar-16,23,0.13,20.82,12.2,0.719,7.86,4.38,9.39,17.95,0.078,167.53,22.68,90,90,48,341.94,62.32,786,139.39,0.85,1.09,0.15,0.022,7.67,567,0.1,615,9.89,0.1474,0.0025,0.0129,0.05,0.05,0.0025,107.1,0.024,75,16,3,5
01-abr-16,25,0.13,22.4,9.84,0.754,7.76,1.64,9.18,9.56,0.11,299.85,18.57,46000,46000,78,375.29,64.45,876,150.74,1.49,1.56,0.11,0.022,8.66,570,0.1,648,12.4,0.1309,0.0025,0.005,0.05,0.088,0.0025,111.1,0.02,95,16,4,1
02-abr-16,21,0.13,21.35,4,0.746,7.29,2.02,9.39,14.02,0.101,300.43,15.99,90,2400,62,376.31,64.4,861,154.36,0.95,1.45,0.1,0.022,8.76,704,0.1,766,9.77,0.0869,0.0025,0.005,0.05,0.065,0.0025,111.7,0.02,90,16,4,2
03-abr-16,23,0.13,21,6.9,0.756,7.24,1.7,9.41,15.83,0.05,314.63,16.56,430,2400,52,377.96,64.98,862,152.01,0.95,1.35,0.1,0.022,7.7,603,0.1,655,10.46,0.01,0.0025,0.005,0.05,0.06,0.0025,110.8,0.02,85,16,4,3
04-abr-16,23,0.13,21.56,8.25,0.755,7.77,1.86,9.3,11.51,0.05,294.93,15.33,90,4600,68,375.7,64.06,862,154.91,0.96,1.28,0.1,0.022,8.37,592,0.1,660,11.65,0.01,0.0025,0.005,0.05,0.073,0.0025,111.6,0.02,85,16,4,4
05-abr-16,24,0.13,20.62,3.79,0.759,7.74,1.9,9.45,16.22,0.158,288.55,18.72,11000,11000,73,377.34,64.45,860,156.9,1.64,1.2,0.16,0.022,8.35,601,0.1,674,10.39,0.1386,0.0025,0.005,0.05,0.06,0.0025,111.5,0.02,110,16,4,5
01-may-16,27,0.12,24.47,5.63,0.8,7.63,3.74,9.06,5.56,0.183,317.82,16.17,110000,110000,78,375.42,67.4,850,168.85,0.88,1.78,0.1,0.022,10.31,616,0.1,694,12.15,0.2332,0.0036,0.168,0.05,0.076,0.0025,115,0.02,120.67,16,5,1
02-may-16,24,0.12,22,2.92,0.801,7.54,2.86,9.41,8.78,0.147,329.12,17.55,90,430,72,376.66,70.36,929,171.52,0.88,1.48,0.1,0.022,9.59,640,0.1,712,12.6,0.1419,0.0044,0.0124,0.05,0.05,0.0025,115.2,0.15,123.47,16,5,2
03-may-16,24,0.12,20.9,4.05,0.799,7.98,3.36,9.28,7.74,0.103,322.74,14.01,2400,2400,74,369.34,67.97,910,170,0.93,1.42,0.1,0.022,15.4,647,0.1,721,15.02,0.044,0.0042,0.0106,0.05,0.055,0.0025,115,0.02,120.93,16,5,3
04-may-16,24,0.12,25.46,6.7,0.799,7.58,3.46,9.33,8.73,0.107,324.19,16.14,230,4600,46,366.31,67.83,932,171.71,1.39,1.5,0.1,0.022,9.83,688,0.1,734,11.26,0.0682,0.0038,0.0117,0.05,0.055,0.0025,114.6,0.02,116.12,16,5,4
05-may-16,26,0.1,24.44,3.26,0.802,7.66,3.38,9.28,3.31,0.107,327.67,18.24,90,430,80,362.33,70.03,931,168.47,0.92,1.44,0.1,0.022,9.53,626,0.1,706,11.84,0.1298,0.0035,0.0123,0.05,0.05,0.0025,113.9,0.02,119.87,16,5,5
01-jun-16,19.5,0.1,23.56,1.18,0.772,7.36,2.29,9.12,5.94,1.093,336.07,16.35,240000,240000,90,361.62,61.34,850,166.58,0.74,1.57,0.1,0.022,10.13,636,0.1,726,17.32,2.5432,0.0026,0.0176,0.05,0.072,0.0025,104.4,0.061,130,16,6,1
02-jun-16,20,0.1,24.35,4.1,0.742,7.33,1.76,9.11,2.55,0.05,311.15,17.07,46000,0.201,65,375.75,65.53,907,163.19,0.8,1.51,0.1,0.022,10.78,636,0.1,701,11.33,120,0.286,0.0026,0.0005,0.274,0.1,0.0025,111.1,120,16,6,2
03-jun-16,19,0.12,24.09,2.2,0.789,7.39,1.34,9.1,3.33,0.05,314.92,17.1,230,430,60,383.62,66.19,930,170.92,0.66,1.47,0.1,0.022,9.95,632,0.1,692,11.36,0.0572,0.0025,0.019,0.05,0.05,0.0025,113.4,0.026,100,16,6,3
04-jun-16,18.5,0.1,23.74,1.25,0.776,7.38,1.55,9.14,2.04,0.069,305.07,16.44,430,430,84,382.61,66.23,885,171.76,0.48,1.46,0.1,0.022,9.53,602,0.1,686,1.29,0.01,0.0025,0.0167,0.05,0.05,0.0025,133.8,0.036,100,16,6,4
05-jun-16,19,0.1,23.87,1.91,0.787,7.36,1.26,9.14,2.27,0.412,294.64,17.04,43000,43000,62,383.84,64.07,922,164.19,0.94,1.42,0.1,0.022,9.71,657,0.1,719,11.64,0.638,0.0025,0.0197,0.05,0.05,0.0025,110.1,0.325,922,16,6,5
01-jul-16,26,0.1,25.35,3.97,0.763,7.69,2.54,8.91,2.13,0.272,109.1,28.98,110000,110000,72,370.81,62.47,860,162.42,0.58,1.55,0.1,0.022,10.07,573,0.1,645,6.65,2.54,0.0025,0.005,0.05,0.12,0.0025,102.1,0.02,75,16,7,1
02-jul-16,22,0.15,25.83,0.62,0.761,7.62,1.82,9.26,7.22,0.082,156.55,17.1,430,4600,66,371.79,64.71,895,174.8,0.69,1.46,0.1,0.022,0.9,622,0.1,688,5.14,1.82,0.0025,0.005,0.05,0.051,0.0025,105.3,0.046,100,16,7,2
03-jul-16,24,0.1,25.76,4.53,0.759,7.65,0.37,9.3,9.2,0.078,167.76,16.24,930,930,62,362.17,64.38,893,161.05,0.77,1.43,0.1,0.022,9.41,620,0.1,682,5.06,0.37,0.0025,0.005,0.05,0.05,0.0025,110.8,0.193,110,16,7,3
04-jul-16,26,0.1,24.82,4.17,0.76,7.69,0.97,9.24,7.55,0.068,156.55,17.88,430,430,65,366.88,63.5,844,173.42,0.74,1.43,0.1,0.022,9.89,630,0.1,695,5.13,0.97,0.0025,0.005,0.05,0.057,0.0025,110.1,0.02,110,16,7,4
05-jul-16,25,0.1,25.25,5.53,0.76,7.72,0.31,9.29,8.79,0.078,158.62,16.02,15000,15000,68,367.67,65.46,893,159.48,0.52,1.47,0.1,0.022,8.63,598,0.1,666,5.03,0.31,0.0025,0.005,0.05,0.05,0.0025,111.6,0.046,110,16,7,5
01-ago-16,25,0.25,25.33,6.14,0.758,2.27,1.01,8.59,5.55,0.199,94.94,9.97,460000,460000,28,336.63,54.1,792,153.4,0.49,1.45,0.1,0.022,8.45,542,0.1,570,10,0.1628,0.0025,0.0183,0.05,0.117,0.0025,95.2,0.02,22,16,8,1
02-ago-16,22,0.3,24.48,4.15,0.7,7.43,7.52,8.95,10.2,0.05,97.52,23.28,230,1500,30,363.44,62.18,851,165,0.68,1.24,0.1,0.022,8.57,596,0.1,626,10,0.01,0.0025,0.0198,0.05,0.089,0.0025,108.6,0.02,40,16,8,2
03-ago-16,23,0.3,25.38,1.4,0.758,7.06,3.85,8.87,6.38,0.059,92.88,14.88,46000,110000,25,363.04,60.79,857,170,0.65,1.2,0.1,0.022,8.51,629,0.1,621,10,0.01,0.0025,0.0162,0.05,0.085,0.0025,109.8,0.02,37,16,8,3
04-ago-16,24,0.3,24.66,2.7,0.762,7.25,1.01,8.75,2.53,0.109,96.49,23.28,2400,4600,17,370.19,60.88,864,175.6,0.59,1.29,0.1,0.022,7.79,609,0.1,626,10,0.0704,0.0025,0.016,0.05,0.109,0.0025,108.5,0.02,27,16,8,4
05-ago-16,25,0.3,24.94,3.8,0.76,7.1,1.01,8.84,4.91,0.05,108.22,12.99,240000,865,18,373.57,61.11,865,171.8,0.72,1.24,0.1,0.022,8.39,592,0.1,610,10,0.01,0.0025,0.0186,0.05,0.095,0.0025,109.1,0.02,27,16,8,5
01-sep-16,26,0.17,25.98,9.65,0.752,7.7,4.81,8.99,7.46,0.096,170.99,15.93,46000,46000,19,370.26,59.62,790,178.36,0.78,1.5,0.1,0.022,7.85,604,0.1,623,10,0.01,0.0025,0.0088,0.05,0.123,0.0025,102.3,0.02,55,16,9,1
02-sep-16,23.5,0.15,25.63,4.75,0.738,7.56,4.25,9.17,13.57,0.127,182.73,20.31,4600,4600,27,377.87,61.58,814,161.31,0.88,1.34,0.1,0.068,7.8,615,0.1,642,10,0.01,0.0025,0.0107,0.05,0.064,0.0025,103.5,0.02,55,16,9,2
03-sep-16,24,0.15,25.67,7.78,0.744,7.66,4.79,9.22,16.09,0.05,201.32,17.01,3,40,45,369.64,60.93,807,161.5,0.73,1.35,0.1,0.022,7.73,591,0.1,636,10,0.01,0.0025,0.0105,0.05,0.052,0.0025,105.6,0.02,55,16,9,3
04-sep-16,25,0.15,24.24,5.5,0.755,7.69,4.51,9.12,12.36,0.059,294.88,23.76,930,2400,44,381.16,60.74,808,161.7,0.7,1.42,0.1,0.022,8.03,624,0.1,668,10,0.01,0.0025,0.0097,0.05,0.091,0.0025,104.7,0.02,55,16,9,4
05-sep-16,29,0.2,25,9.43,0.748,7.7,4.67,9.09,10.1,0.079,162.12,14.88,430,430,40,376.22,60.6,811,160.52,0.75,1.25,0.1,0.063,7.55,592,0.1,632,10,0.01,0.0025,0.0084,0.05,0.064,0.0025,105.2,0.02,50,16,9,5
01-oct-16,22,0.15,22.7,1.26,0.703,7.77,4.01,9.21,9.98,0.111,163.27,48.84,4300,4300,47,339.89,57.51,768,148.29,0.59,1.4,0.1,0.022,6.9,539,0.1,586,10,0.3047,0.0025,0.0075,0.05,0.066,0.0025,89.4,0.02,55,16,10,1
02-oct-16,20,0.15,24.02,8.35,0.681,7.52,4.15,9.1,4.84,0.08,218.49,27.6,230,430,45,339.89,57.51,768,149.29,0.54,1.35,0.1,0.022,6.33,554,0.1,599,10,0.2794,0.0025,0.0063,0.05,0.074,0.0025,88.5,0.02,620,16,10,2
03-oct-16,21,0.15,25.58,6.26,0.692,7.54,3.69,9.25,11.74,0.076,159.26,36.6,150,930,65,331.36,57.59,768,150.48,0.64,1.32,0.1,0.022,7.52,540,0.1,605,10,0.3201,0.0025,0.0054,0.05,0.059,0.0025,87.9,0.07,75,16,10,3
04-oct-16,21,0.15,22.11,5.4,0.698,7.68,3.45,9.17,8.37,0.069,153.83,35.34,90,230,41,333.14,57.11,771,148.89,0.91,1.32,0.1,0.022,7.52,576,0.1,617,10,0.1804,0.0025,0.0052,0.05,0.063,0.0025,88.6,0.02,55,16,10,4
05-oct-16,22,0.15,23,7.77,0.698,7.8,3.23,9.13,7.44,0.122,156.97,33.84,2400,2400,55,342.86,56.69,779,152.07,0.63,1.41,0.1,0.022,7.35,541,0.1,596,10,0.2794,0.0025,0.005,0.05,0.063,0.0025,89.2,0.055,65,16,10,5
01-nov-16,29,0.15,20.27,7.29,0.7,7.8,,8.85,2.73,,,,,,,,,,,,,,,,,,,,,,,,,,,,,16,11,1
02-nov-16,19,0.15,19.51,2.3,0.698,7.4,,9.23,10.32,,,,,,,,,,,,,,,,,,,,,,,,,,,,,16,11,2
03-nov-16,22,0.1,19.42,6.3,0.698,7.71,,9.43,17.2,,,,,,,,,,,,,,,,,,,,,,,,,,,,,16,11,3
04-nov-16,25,0.15,19.97,8.8,0.7,7.75,,9.33,13.28,,,,,,,,,,,,,,,,,,,,,,,,,,,,,16,11,4
05-nov-16,24,0.15,20,10.5,0.696,7.66,,9.39,14.4,,,,,,,,,,,,,,,,,,,,,,,,,,,,,16,11,5
01-dic-16,26.5,0.15,20.9,14,0.205,7.5,2.73,9.01,,0.098,173.28,22.74,110000,110000,17,364.7,56.2,759,158.38,0.78,1.48,0.1,0.022,9.95,590,0.1,607,10,0.0121,0.003,0.1781,0.05,0.088,0.0036,102.7,0.02,45,16,12,1
02-dic-16,21,0.15,20.11,5.5,0.703,7.28,2.13,9.24,,0.05,168.13,33.3,90,430,35,358.86,58.47,7.46,169.74,0.83,1.34,0.1,0.022,10.75,555,0.1,590,10,0.01,0,0.2196,0.05,0.064,0.0025,103.2,0.02,70,16,12,2
03-dic-16,19,0.15,20.42,10.3,0.704,7.35,1.91,9.27,,0.05,187.02,30.78,40,90,7,372.67,59.88,753,167.74,0.76,1.32,0.1,0.022,7.01,586,0.1,586,10,0.01,0.0027,0.181,0.05,0.053,0.0025,103.1,0.02,70,16,12,3
04-dic-16,23,0.15,20.38,11.08,0.7,7.43,1.51,9.29,,0.05,191.31,29.04,90,230,7,369.1,56.86,757,164.15,0.77,1.42,0.1,0.022,9.56,586,0.1,593,10,0.01,0.0026,0.198,0.05,0.051,0.0025,102.8,0.02,60,16,12,4
05-dic-16,24,0.15,21.36,13,0.707,7.43,0.85,9.3,,0.05,180.15,31.02,90,90,18,371.62,58.18,7.41,159.57,0.73,1.22,0.1,0.022,7.58,561,0.1,579,10,0.01,0.0025,0.148,0.05,0.051,0.0025,103.4,0.02,60,16,12,5
01-ene-17,21,0.15,19.22,8.7,0.227,7.51,3.12,9.13,,0.108,157.32,17.13,2400,11000,40,368.23,60.46,758,166.11,0.62,1.47,0.1,0,10.24,584,0.1,624,10,0.2592,0.0025,0.1827,0.05,0.073,0.0036,108.72,0.02,50,17,1,1
02-ene-17,16,0.15,18.1,8.6,0.789,7.27,2.42,9.35,,0.095,147.12,18.3,430,930,27,368.63,60.83,762,173.37,0.98,1.45,0.1,0.022,10.92,604,0.1,631,10,0.2692,0.0025,0.1915,0.05,0.06,0.0025,110.36,0.02,60,17,1,2
03-ene-17,16,0.15,17.89,9.1,0.727,7.46,2.76,9.33,,0.112,156.45,16.59,750,4600,52,374.86,63.71,767,170.87,0.63,1.43,0.1,0.022,8.26,584,0.1,636,10,0.2219,0.0025,0.1721,0.05,0.055,0.0037,109.36,0.02,70,17,1,3
04-ene-17,19,0.15,17.75,7.5,0.73,7.55,2.34,9.25,,0.096,163.45,15.69,230,930,49,370.44,62.47,766,167.68,0.62,1.34,0.1,0.022,10.18,580,0.1,629,10,0.1503,0.0025,0.1349,0.05,0.055,0.0025,110.17,0.02,70,17,1,4
05-ene-17,20,0.15,17.99,10.3,0.726,7.57,3.18,9.34,,0.14,181.81,18.66,230,930,44,371.25,60.97,768,175.72,0.99,1.26,0.1,0.022,10.69,579,0.1,623,10,0.196,0.0025,0.149,0.05,0.053,0.0025,111.71,0.02,60,17,1,5
01-feb-17,25,0.15,20.03,6,0.751,7.43,2.82,7.54,,0.188,153.47,14.46,2400,24000,56,366.08,63.84,837,167.19,0.66,2.53,0.1,0.022,10.29,628,0.1,684,10,0.3603,0.0025,0.1776,0.05,0.091,0.0027,121.4,0.02,60,17,2,1
02-feb-17,20.5,0.15,18.17,3.04,0.757,7.45,2.62,7.37,,0.05,175.28,17.82,3,930,63,357.21,67.22,914,164.65,0.84,1.36,0.1,0.022,13.63,621,0.1,684,10,0.1917,0.0025,0.181,0.05,0.059,0.0041,121.56,0.02,70,17,2,2
03-feb-17,23,0.15,18.34,3.9,0.754,7.41,3.08,7.28,,0.052,143.28,30.6,70,210,65,363.26,65.13,923,166.22,0.84,1.36,0.1,0.022,8.43,613,0.1,678,10,0.1516,0.0025,0.1517,0.05,0.05,0.0025,120.7,0.02,70,17,2,3
04-feb-17,23,0.15,21.73,12.87,0.743,7.39,2.96,7.42,,0.05,157.72,15.36,1500,4600,57,368.1,64.03,854,166.61,0.84,1.39,0.1,0.022,9.67,586,0.1,643,10,0.1987,0.0025,0.1943,0.05,0.062,0.0025,120.88,0.02,65,17,2,4
05-feb-17,25,0.15,20.64,10.3,0.75,7.5,3.08,7.59,,0.05,183.2,21.81,90,930,65,365.28,66.98,917,163.68,0.76,1.41,0.1,0.022,7.92,621,0.1,686,10,0.2005,0.0025,0.1776,0.05,0.05,0.0025,120.43,0.02,65,17,2,5
01-mar-17,26,0.13,22.83,8.7,0.783,7.95,2.98,9.1,,1.671,108.46,19.11,11000,11000,75,403.6,62.66,788,181.38,0.65,1.66,0.1,0.022,10.41,600,0.1,675,10,0.5137,0.0025,0.1821,0.05,0.076,0.0025,129.72,0.02,90,17,3,1
02-mar-17,22,0.13,19.81,3.16,0.78,7.62,2.55,9.43,,0.111,110.72,20.19,430,430,27,391.5,63.98,776,176.68,0.73,1.36,0.1,0.022,9.05,624,0.1,651,10,0.2104,0.0025,0.1807,0.05,0.05,0.0025,129.23,0.02,70,17,3,2
03-mar-17,23,0.13,21.06,5,0.78,7.95,3.24,9.43,,0.057,98.86,23.34,430,2400,40,387.26,64.78,783,182.76,0.79,1.38,0.1,0.022,10,679,0.1,719,10,0.1414,0.0025,0.1551,0.05,0.05,0.0025,130.48,0.02,80,17,3,3
04-mar-17,23,0.13,22.23,3.74,0.776,7.99,3.47,9.4,,0.055,120.35,27.3,2400,4600,55,397.95,63.76,790,188.04,0.76,1.42,0.1,0.022,7.94,614,0.1,669,10,0.1363,0.0025,0.145,0.05,0.05,0.0025,127.8,0.02,70,17,3,4
05-mar-17,25,0.13,23,7.32,0.777,7.87,3.67,9.53,,0.133,122.33,23.58,1500,4600,18,388.88,61.62,793,186.87,2.97,1.28,0.1,0.022,10,646,0.1,664,10,0.3008,0.0025,0.1718,0.05,0.05,0.0025,130.3,0.02,70,17,3,5
01-abr-17,27,0.1,21.03,3.65,0.809,7.28,3.99,9.21,,0.201,162.76,18.81,430,2400,82,399.05,65.2,917,208.04,0.82,1.4,0.1,0.022,8.88,658,0.1,740,10,0.3424,0.0025,0.1469,0,0.067,0.0025,140.27,0.048,80,17,4,1
02-abr-17,18,0.1,20.12,5.4,0.787,7.55,4.58,9.36,,0.061,164.16,17.1,40,630,80,398.09,67.04,908,200.78,0.79,1.3,0.1,0.022,10.23,651,0.1,731,10,0.1735,0.0029,0.1426,0.05,0.054,0.0025,136.79,0.034,70,17,4,2
03-abr-17,23,0.11,20.36,4.47,0.805,7.21,4.16,9.36,,0.056,166.69,18.96,40,430,95,401.75,66.9,923,208.82,0.81,1.26,0.1,0.022,8.7,681,0.1,776,10,0.1446,0.0038,0.1315,0.05,0.051,0.0025,132.18,0.051,70,17,4,3
04-abr-17,24,0.1,20.88,5.69,0.807,7.25,4.83,9.34,,0.064,172.01,17.4,40,430,89,393.27,68.21,919,191.77,0.81,1.25,0.1,0.022,7.29,631,0.1,720,10,0.1657,0.0025,0.1359,0.05,0.05,0.0025,133,0.056,70,17,4,4
05-abr-17,25,0.1,20.96,6.2,0.808,7.28,5.09,9.38,,0.065,166.69,16.86,90,430,78,388.27,66.47,924,210,0.82,1.26,0.1,0.022,8.23,649,0.1,727,10,0.1571,0.0025,0.129,0.05,0.052,0.0025,139.6,0.054,80,17,4,5
01-may-17,27,0.12,24.17,7.83,0.853,7.85,1.99,9.15,,0.166,167.81,13.05,4300,9300,92,413.03,77.28,947,204.9,0.94,1.83,0.5,0.022,11.35,623,0.1,715,10,0.373,0.0025,0.1899,0.05,0.06,0.0025,136.2,0.02,90,17,5,1
02-may-17,23,0.12,23.5,7.14,0.845,7.38,1.79,8.93,,0.088,154.07,7.02,430,930,72,425.99,75.78,875,192.16,0.92,1.62,0.5,0.022,9.47,654,0.1,726,10,0.2043,0.0025,0.1552,0.05,0.05,0.0025,139.65,0.04,90,17,5,2
03-may-17,25,0.15,24.2,6.3,0.853,7.72,1.85,9.22,,0.074,148.75,12,230,430,82,422.26,75.87,896,190.2,0.97,1.57,0.5,0.022,9.97,671,0.1,753,10,0.2481,0.0025,0.1746,0.05,0.05,0.0025,138.15,0.154,100,17,5,3
04-may-17,25,0.15,24.12,7.6,0.852,7.77,1.59,9.22,,0.123,171.17,13.08,430,930,82,412.44,76.75,947,198.24,0.96,1.55,0.5,0.022,10.29,667,0.1,749,10,0.355,0.0025,0.1918,0.05,0.05,0.0051,140.01,0.074,90,17,5,4
05-may-17,25,0.12,25.75,11.8,0.85,7.78,1.63,9.14,,0.134,160.24,12.33,930,2400,86,441.31,78.6,941,205.1,0.98,1.36,0.5,0.022,10.47,667,0.1,753,10,0.2565,0.0025,0.1432,0.05,0.05,0.0025,139.78,0.064,80,17,5,5
01-jun-17,24,0.12,24.22,3.39,0.88,7.75,2.38,9.2,,0.342,282.28,16.89,46000,46000,108,428.27,77.38,945,,0.98,1.79,0.1,0.022,14.76,653,0.1,761,10,0.5867,0.0025,0.1758,0.05,0.053,0.0025,125.8,0.031,100,17,6,1
02-jun-17,24,0.08,26.36,2.7,0.868,7.74,2.78,9.08,,0.102,309.34,14.43,430,930,106,425.7,75.58,947,185.62,1.14,1.52,0.1,0.022,11.47,664,0.1,767,10,0.2035,0.0034,0.1512,0.05,0.05,0.0025,126.88,0.029,90,17,6,2
03-jun-17,23,0.1,25.19,3.26,0.877,7.73,1.62,8.4,,0.114,265.34,12.48,930,930,88,473.78,79.72,938,176.04,0.99,1.55,0.1,0.022,11.82,669,0.1,757,10,0.1921,0.0025,0.1551,0.05,0.05,0.0025,130.18,0.075,80,17,6,3
04-jun-17,23,0.1,24.09,2.42,0.879,7.73,2.24,9.18,,0.087,254.97,12.09,930,2400,88,435.8,77.24,947,177.19,1.16,1.63,0.1,0.022,11.11,661,0.1,749,10,0.1496,0.0026,0.1575,0.05,0.05,0.0025,127.49,0.037,70,17,6,4
05-jun-17,23,0.1,24.37,2.13,0.88,7.73,1.76,9.16,,0.127,254.41,10.41,2400,4600,94,436.19,77.43,946,184.28,1.12,1.56,0.1,0.022,11.64,670,0.1,764,10,0.206,0.0026,0.1681,0.05,0.05,0.0025,128.34,0.04,95,17,6,5
01-jul-17,26,0.1,24.56,6.51,0.848,7.47,3.77,9.18,,0.147,212.72,31.98,24000,46000,87,417.25,68.23,945,173.87,0.73,2,0.1,0.022,12.52,636,0.1,723,10,0.1949,0.0025,0.1561,0.05,0.054,0.0025,137.25,0.02,65,17,7,1
02-jul-17,23,0.1,25.17,1.76,0.814,7.21,3.94,9.48,,0.1,223.87,11.22,930,1500,107,408.71,71.61,963,178.85,0.81,1.61,0.1,0.022,10.17,615,0.1,722,10,0.0829,0.0025,0.1376,0.05,0.05,0.0025,141.67,0.02,100,17,7,2
03-jul-17,24,0.08,24.57,5.58,0.845,7.39,3.98,9.46,,0.081,209.58,13.92,930,1500,108,422.8,74.61,960,180.64,0.84,1.56,0.1,0.022,9.35,615,0.1,723,10,0.1012,0.0025,0.1653,0.05,0.05,0.0025,143.29,0.02,100,17,7,3
04-jul-17,24,0.1,22.78,3.36,0.851,7.44,4.31,9.36,,0.141,228.45,16.8,930,930,136,430.94,72.97,960,180.84,0.83,1.62,0.1,0.022,20.11,557,0.1,693,10,0.1365,0.0025,0.151,0.05,0.05,0.0025,143.75,0.02,110,17,7,4
05-jul-17,25,0.1,24.14,8.74,0.846,7.45,4.06,9.3,,0.087,190.71,12.21,930,930,97,427.37,73.53,963,183.42,0.81,1.48,0.1,0.022,11.82,616,0.1,713,10,0.1523,0.0025,0.1655,0.05,0.05,0.0025,140.77,0.02,95,17,7,5
01-ago-17,24,0.2,26.19,6.68,0.859,7.66,,8.18,,0.257,157.54,26.64,460000,460000,52,397.93,65.58,963,164.33,0.77,2,0.1,0.022,11.77,612,0.1,664,10,0.3147,0.0025,0.1985,0.05,0.141,0.0025,129.21,0.02,22,17,8,1
02-ago-17,,,,,,,,9.01,,0.151,154.4,27.36,9300,9300,60,403.84,72.28,956,179.76,0.86,1.46,0.1,0.022,8.21,633,0.1,693,10,0.2507,0.0025,0.202,0.05,0.081,0.0025,147.06,0.193,40,17,8,2
03-ago-17,24,0.2,26.1,1.87,0.878,7.54,,8.9,,0.082,155.25,28.38,930,1500,42,408.17,70.25,972,188.58,0.88,1.54,0.1,0.022,9.93,646,0.1,688,10,0.0487,0.0025,0.1344,0.05,0.083,0.0025,140.01,0.056,32,17,8,3
04-ago-17,24,0.2,26.16,5.65,0.873,7.61,,8.79,,0.062,150.11,30.84,930,1500,40,406.2,70.67,974,178.76,0.86,1.59,0.1,0.022,11.19,717,0.1,757,10,0.045,0.0025,0.1322,0.05,0.084,0.0025,141.48,0.059,30,17,8,4
05-ago-17,24,0.15,25.61,3.7,0.864,7.42,,8.94,,0.07,149.25,25.08,2400,4600,44,409.4,72.18,968,189.58,0.87,1.45,0.1,0.022,7.92,666,0.1,710,10,0.0378,0.0025,0.1272,0.05,0.065,0.0028,131.57,0.028,38,17,8,5
01-sep-17,24,0.15,24,4.2,0.802,7.56,3.29,8.93,6.22,0.271,175.55,22.11,46000,46000,102,363.13,60.74,886.2,173.3,0.72,1.57,0.1,0.478,9.49,554,0.1,656,10,0.4455,0.0039,0.1538,0.05,0.061,0.0025,79.8,0.04,45,17,9,1
02-sep-17,25,0.15,23.36,3.58,0.782,7.24,4.47,9.29,8.84,0.151,156.68,22.86,930,1500,85,364.95,63.5,902.2,201.99,0.67,1.37,0.1,0.089,8.58,565,0.1,650,10,0.2873,0.0042,0.199,0.05,0.05,0.0025,107.4,0.02,50,17,9,2
03-sep-17,25,0.15,23.5,5.1,0.8,7.42,3.87,9.3,9.99,0.074,183.56,22.47,230,430,87,380.73,63.87,905.5,170.12,0.87,1.53,0.1,0.163,8.31,572,0.1,659,10,0.0922,0.0038,0.1409,0.05,0.05,0.0025,109.5,0.034,65,17,9,3
04-sep-17,24,0.15,23.7,7.8,0.8,7.49,,9.17,8.6,0.106,150.39,21.69,230,430,82,371.83,63.92,903.7,177.49,3.03,1.47,0.1,0.366,9.32,562,0.1,644,10,0.1952,0.0037,0.1659,0.05,0.05,0.0025,106.7,0.091,55,17,9,4
05-sep-17,24,0.15,24.19,6.92,0.797,7.54,7.03,9.28,10.45,0.08,154.68,23.34,230,430,87,388.42,63.55,906,186.45,0.73,1.63,0.1,0.2,9.38,559,0.1,646,10,0.2145,0.0041,0.198,0.05,0.05,0.0038,110.7,0.02,55,17,9,5
01-oct-17,27,0.15,23.32,7.2,0.794,7.49,5.88,9.54,15.02,0.092,160.61,20.31,4600,11000,72,360.76,67.14,882,168.77,0.88,1.62,0.1,0.022,8.443,603,0.1,675,10,0.1105,0.0132,0.1327,0.05,0.05,0.0025,107.5,0.02,60,17,10,1
02-oct-17,24,0.15,22.57,7.03,0.786,7.4,5.65,9.43,8.11,0.079,159.45,18.36,430,430,63,372.06,68.11,884,174.65,1.92,1.53,0.1,0.022,6.31,577,0.1,640,10,0.1417,0.013,0.1643,0.05,0.05,0.0025,108.2,0.026,55,17,10,2
03-oct-17,24,0.15,21.71,3.66,0.791,7.44,5.96,9.49,10.98,0.075,153.63,21.15,430,930,80,368.55,65.48,889,170.54,1.41,1.54,0.1,0.022,7.58,585,0.1,665,10,0.0738,0.0129,0.134,0.05,0.05,0.0025,108.2,0.035,65,17,10,3
04-oct-17,25,0.14,21.91,5.61,0.794,7.48,6.39,9.44,8.4,0.062,143.17,17.85,430,430,60,358.81,66.91,890,172.1,4.04,1.48,0.1,0.022,6.77,604,0.1,664,10,0.1038,0.0128,0.1486,0.05,0.05,0.0025,107.2,0.02,50,17,10,4
05-oct-17,27,0.15,23.58,6.28,0.795,7.49,7.41,9.49,11.53,0.118,205.67,18.24,230,430,57,377.91,67.42,894,165.83,3.32,1.54,0.1,0.022,8.26,608,0.1,665,10,0.1673,0.0148,0.1524,0.05,0.05,0.0025,109.5,0.02,50,17,10,5
01-nov-17,22,0.1,19.5,8.7,0.809,7.46,6.83,9.4,10.34,0.175,153.63,23.43,9300,24000,60,400.9,66.3,780,190.17,1.81,1.69,0.1,0.022,7.45,616,0.1,676,11.08,0.1908,0.0025,0.1612,0.05,0.067,0.0025,112.7,0.02,60,17,11,1
02-nov-17,21,0.08,19.84,8.7,0.804,7.31,2.91,9.58,12.72,0.05,138.23,13.71,90,230,69,392.97,70.38,781.2,187.98,1.25,1.7,0.1,0.022,7.74,629,0.1,698,10,0.1961,0.0025,0.1611,0.05,0.05,0.0025,109.5,0.02,60,17,11,2
03-nov-17,21,0.12,19.55,7.6,0.806,7.42,2.79,9.34,12.11,0.069,159.74,14.4,930,2400,71,405.38,67.84,794.8,187.58,3.94,1.82,0.1,0.022,10.02,637,0.1,708,10.82,0.1069,0.0025,0.1481,0.05,0.062,0.0025,109.1,0.029,65,17,11,3
04-nov-17,23,0.12,19.64,6.8,0.811,7.49,2.6,9.56,11.88,0.053,230.67,11.46,250,430,58,398.05,68.67,780.3,192.16,0.92,1.75,0.1,0.022,7.74,634,0.1,692,10,0.1276,0.0025,0.1411,0.05,0.05,0.0025,110,0.02,65,17,11,4
05-nov-17,23,0.14,19.21,7.59,0.805,7.5,2.35,9.56,11.99,0.056,167.3,12.57,230,430,67,398.66,71.3,765.9,189.57,1.39,1.72,0.1,0.022,17.82,620,0.1,687,10,0.1596,0.0025,0.1686,0.05,0.051,0.0025,111.4,0.098,70,17,11,5
01-dic-17,21,0.1,17,7,0.815,7.79,,,,,,,,,,,,,,,,,,,,,,,,,,,,,,,,17,12,1
02-dic-17,15,0.12,16.14,6.59,0.812,7.4,,,,,,,,,,,,,,,,,,,,,,,,,,,,,,,,17,12,2
03-dic-17,17,0.12,16.51,6.44,0.817,7.39,,,,,,,,,,,,,,,,,,,,,,,,,,,,,,,,17,12,3
04-dic-17,20,0.15,16.92,8.27,0.815,7.46,,,,,,,,,,,,,,,,,,,,,,,,,,,,,,,,17,12,4
05-dic-17,21,0.12,17.08,6.4,0.836,7.44,,,,,,,,,,,,,,,,,,,,,,,,,,,,,,,,17,12,5
01-ene-18,19,0.1,18.19,5.7,0.842,7.42,2.3,9.2,6.09,0.093,195.19,13.71,24000,24000,55,404.2,69.43,929.4,191.49,1.25,1.8,0.1,0.01,10.31,647,0.1,702,10,0.1936,0.0025,0.1972,0.05,0.066,0.0025,109.4,0.02,70,18,1,1
02-ene-18,16,0.12,18.8,4.71,0.828,7.29,2.56,9.3,5.74,0.086,224.65,10.47,430,930,67,412.69,72.03,931.8,182.67,1.23,1.61,0.1,0.01,8.33,626,0.1,693,10.25,0.1613,0.0025,0.1705,0.05,0.05,0.0025,110.5,0.06,70,18,1,2
03-ene-18,17,0.1,17.8,5.9,0.839,7.39,1.98,9.3,8.1,0.082,203.44,11.28,430,930,67,404.61,70.86,931.6,184.2,1.4,1.6,0.1,0.01,12.75,624,0.1,691,10,0.138,0.0025,0.17,0.05,0.05,0.0025,110.3,0.02,70,18,1,3
04-ene-18,18,0.12,17.65,8.83,0.84,7.4,3.1,9.3,6.89,0.074,234.08,13.05,750,1500,65,406.63,70.06,932.4,190.91,1.43,1.67,0.1,0.01,8.68,603,0.1,668,10.54,0.1779,0.0025,0.1803,0.05,0.05,0.0025,109.7,0.025,70,18,1,4
05-ene-18,17,0.15,17.85,7,0.84,7.43,2.36,9.3,7.6,0.078,222.59,12.84,750,1500,47,418.75,71.9,931.6,195.13,1.46,1.6,0.1,0.01,14.21,662,0.1,709,11.58,0.1551,0.0025,0.1886,0.05,0.05,0.0025,109.3,0.039,80,18,1,5
01-feb-18,26,0.1,20.62,7.13,0.863,7.52,6.53,9.2,7.08,0.279,233.49,15.15,24000,24000,50,414.51,68.88,979.7,182.32,0.88,1.84,0.1,0.01,13.69,669,0.1,719,10,0.2718,0.0025,0.2297,0.05,0.069,0.0025,113,0.025,90,18,2,1
02-feb-18,21,0.1,18.28,4.03,0.857,7.18,4.45,9.4,12.1,0.143,217.29,13.89,90,230,87,418.95,72.33,971.6,187.62,0.93,1.59,0.1,0.01,10.95,652,0.1,739,10,0.2144,0.0025,0.211,0.05,0.05,0.0025,112.8,0.059,80,18,2,2
03-feb-18,21,0.1,19.9,5.79,0.856,7.42,4.31,9.3,12.76,0.104,229.07,15.06,90,150,82,421.58,69.46,972.4,194.89,0.87,1.58,0.1,0.01,9.67,643,0.1,725,10,0.1424,0.0025,0.1745,0.05,0.05,0.0025,113.7,0.038,80,18,2,3
04-feb-18,22,0.1,21.8,7.2,0.867,7.48,5.77,9.3,6.68,0.095,218.17,12.75,90,210,75,410.06,70.72,980.5,181.54,0.94,1.61,0.1,0.01,18.81,646,0.1,721,10,0.1182,0.0025,0.1652,0.05,0.05,0.0025,114.6,0.03,90,18,2,4
05-feb-18,26,0.12,20.3,10.12,0.86,7.53,5.16,9.4,11.87,0.091,217.29,17.58,150,150,92,420.97,71.97,971.1,187.23,0.99,1.52,0.1,0.01,8.79,625,0.1,717,10,0.2262,0.0025,0.2074,0.05,0.05,0.0025,112.7,0.027,70,18,2,5
01-mar-18,27,0.1,22.21,8.8,0.884,7.54,2.48,9.3,8.16,0.109,215.52,14.67,15000,46000,67,431.04,75.8,913.2,213.44,0.96,1.7,0.1,0.01,10.66,692,0.1,759,10,0.0693,0.006,0.1243,0.05,0.055,0.0025,113.4,0.026,70,18,3,1
02-mar-18,24,0.1,19.64,6.78,0.878,7.57,2.26,9.6,16.62,0.066,240.27,22.35,230,2400,67,451.83,78.36,971.5,208.64,0.9,1.56,0.1,0.01,12.23,689,0.1,756,10,0.0344,0.0058,0.1139,0.05,0.05,0.0025,113,0.02,80,18,3,2
03-mar-18,24,0.1,19.67,3.7,0.889,7.42,2.46,9.4,,0.105,222.59,15.51,230,4600,70,444.56,77.15,980.6,204.45,0.91,1.52,0.1,0.01,10.02,686,0.1,756,10,0.0504,0.006,0.1179,0.05,0.05,0.0025,111.3,0.026,70,18,3,3
04-mar-18,24,0.12,21.34,6.2,0.888,7.48,2.99,9.4,10.59,0.085,246.46,15.45,150,430,30,420.75,77.38,905.4,201.26,0.92,1.6,0.1,0.01,9.43,687,0.1,717,10,0.0485,0.0064,0.1181,0.05,0.05,0.0025,110.9,0.02,75,18,3,4
05-mar-18,25,0.12,20.79,6.72,0.887,7.52,2.09,9.4,7.42,0.102,234.38,15.48,430,930,25,425.8,7.24,910.8,208.04,1.22,1.54,0.1,0.01,14.33,707,0.1,732,10,0.0795,0.0064,0.1176,0.05,0.05,0.0025,112.2,0.02,80,18,3,5
01-abr-18,25,0.1,22.61,3.45,0.938,7.56,3.28,7.4,5.72,0.188,214.55,14.76,2400,4600,82,474.65,77.03,1036,199.93,0.88,1.64,0.1,0.01,10.72,701,0.1,783,10,0.2623,0.0025,0.2557,0.05,0.055,0.0025,117.1,0.02,85,18,4,1
02-abr-18,23,0.08,20,2.3,0.921,7.28,2.07,8.7,10.15,0.116,234.31,19.05,150,2400,65,471.97,80.63,1132,202.48,0.83,1.31,0.1,0.01,19.8,722,0.1,787,10,0.2072,0.0025,0.1688,0.05,0.05,0.0025,118.6,0.02,85,18,4,2
03-abr-18,23,0.08,21.73,6.44,0.934,7.4,2.03,9,8.55,0.08,228.66,18.93,70,430,87,470.11,81.7,1017,196,0.88,1.39,0.1,0.01,9.61,697,0.1,784,10,0.1207,0.0025,0.1632,0.05,0.05,0.0025,125.3,0.02,100,18,4,3
04-abr-18,23,0.1,22.5,3.6,0.93,7.48,1.48,8.1,7.9,0.208,214.83,18.06,40,90,97,476.09,78.2,1010,221.51,0.85,1.47,0.1,0.01,12.29,675,0.1,772,10,0.0435,0.0025,0.1206,0.05,0.05,0.0025,128.5,0.02,100,18,4,4
05-abr-18,24,0.1,22.07,6.2,0.941,7.56,1.42,8.8,6.36,0.149,226.97,19.32,2400,2400,107,455.89,78.81,1007,202.28,1.97,1.29,0.1,0.01,10.13,665,0.1,772,10,0.2214,0.0025,0.1395,0.05,0.05,0.0025,126.9,0.02,100,18,4,5
01-may-18,28,0.1,24.94,4.7,0.985,7.46,1.8,9.5,7.42,0.057,240.8,22.74,1500,4600,95,442,82.59,1063,202.8,0.93,1.8,0.1,0.01,10.66,704,0.1,799,10,0.1588,0.0025,0.1653,0.05,0.05,0.0025,127.6,0.02,100,18,5,1
02-may-18,28,0.1,23.8,3.44,0.92,7.51,1.96,9.6,5.49,0.051,231.2,21,930,930,89,449.4,82.45,1072,202.6,1.49,1.65,0.1,0.01,14.73,708,0.1,797,10,0.1074,0.0025,0.1434,0.05,0.05,0.0025,126.2,0.039,100,18,5,2
03-may-18,27,0.1,23.17,2.77,0.947,7.47,2.08,9.7,13.78,0.05,263.66,26.52,90,430,94,446.6,85.01,1052,193.4,0.97,1.57,0.1,0.01,10.25,700,0.1,794,10,0.1602,0.0025,0.1343,0.05,0.05,0.0025,127.4,0.023,100,18,5,3
04-may-18,27,0.1,24.69,4.25,0.97,7.44,1.68,9.6,13.02,0.05,253.78,21.54,90,230,90,441.8,83.55,1058,193,0.93,1.54,0.1,0.01,24.87,707,0.1,797,10,0.1278,0.0025,0.146,0.05,0.05,0.0025,129.7,0.02,90,18,5,4
05-may-18,27,0.1,24.35,5.32,0.943,7.47,1.76,9.6,9.61,0.05,242.21,21.18,90,230,80,440.2,83.23,1056,194.8,0.91,1.64,0.1,0.01,10.54,719,0.1,799,10,0.1527,0.0025,0.1677,0.05,0.05,0.0025,127,0.036,90,18,5,5
01-jun-18,24,0.1,23.95,4.6,0.956,7.38,0.29,9.2,8.5,0.145,231.2,20.31,11000,11000,88,431.38,82.77,1036,187.62,0.79,1.67,0.1,0.01,22.05,673,0.1,761,10,0.3902,0.0075,0.1889,0.05,0.15,0.0025,126.4,0.03,100,18,6,1
02-jun-18,25,0.1,22.58,3.77,0.927,7.35,0.65,9.4,10.9,0.124,258.3,19.53,430,930,117,444.67,86.26,1072,209.38,0.82,1.52,0.1,0.01,10.17,704,0.1,821,10,0.2144,0.0058,0.1681,0.05,0.05,0.0025,129.6,0.036,90,18,6,2
03-jun-18,26,0.1,23.51,4,0.959,7.35,0.96,9.4,11.12,0.1,237.13,18.09,40,90,107,443.46,85.67,1072,201.6,0.93,1.56,0.1,0.01,10.79,697,0.1,804,10,0.1302,0.0058,0.1245,0.05,0.05,0.0025,131.7,0.07,130,18,6,3
04-jun-18,25,0.1,23.94,4.29,0.961,7.38,1.04,9.4,11.14,0.096,261.4,20.04,40,90,107,438.43,85.94,1070,191.22,0.88,1.62,0.1,0.01,17.19,711,0.1,818,10,0.159,0.0062,0.1423,0.05,0.05,0.0025,131.8,0.045,110,18,6,4
05-jun-18,25,0.1,23.54,2.8,0.963,7.38,,9.4,8.5,0.083,257.17,20.76,1500,1500,107,429.98,85.63,1071,201.6,0.88,1.52,0.1,0.01,19.13,688,0.1,795,10,0.1456,0.0062,0.1454,0.05,0.05,0.0025,133,0.055,110,18,6,5
01-jul-18,27,0.1,24.37,3.19,0.931,7.64,4.2,8.6,4.23,0.554,187.88,42.24,460000,460000,62,404.97,75.19,969.5,167.55,0.68,1.62,0.1,0.01,10.74,683,0.1,745,10,1.2109,0.0025,0.1208,0.05,0.1,0.0025,120,0.033,60,18,7,1
02-jul-18,27,0.15,25.3,3.41,0.925,7.38,3.7,9.1,11.52,0.106,236.22,29.98,430,930,87,460.25,85.45,1025,179.24,0.67,1.45,0.1,0.01,11.82,701,0.1,788,10,0.0816,0.0025,0.1342,0.05,0.052,0.0025,134.7,0.02,100,18,7,2
03-jul-18,,,,,,,3.78,9.2,12.6,0.078,228.97,28.98,230,430,77,454.07,86.27,1023,180.83,0.62,1.48,0.1,0.01,10.91,741,0.1,818,10,0.0716,0.0025,0.1211,0.05,0.052,0.0025,133.5,0.02,120,18,7,3
04-jul-18,,,,,,,3.58,9.1,9.4,0.098,206.01,41.88,230,230,73,454.89,84.86,1029,182.22,0.62,1.47,0.1,0.01,13.37,720,0.1,793,10,0.1578,0.0025,0.1778,0.05,0.051,0.0025,137.1,0.066,80,18,7,4
05-jul-18,27,0.1,24.75,4.34,0.927,7.54,3.74,9,14.18,0.146,203.29,33.12,430,430,107,455.92,88.65,1017,194.91,0.77,1.49,0.1,0.01,10.39,697,0.1,804,10,0.2862,0.0025,0.1637,0.05,0.05,0.0025,134.5,0.026,90,18,7,5
01-ago-18,25,0.2,25.51,3,0.944,7.33,3.19,8.2,1.49,0.185,175.49,21.3,24000,46000,30,455.07,76.6,1031,163.94,0.92,1.87,0.1,0.01,14.56,701,0.2,731,11.02,0.4578,0.0025,0.1708,0.05,0.109,0.0025,121.8,0.021,23,18,8,1
02-ago-18,27,0.35,26.76,0.97,0.917,7.23,1.67,8.9,6.55,0.14,195.13,20.1,4600,4600,48,474.38,81.62,1049,177.01,1,1.34,0.1,0.029,9.68,692,0.1,740,10,0.299,0.0025,0.1561,0.05,0.69,0.0025,126.3,0.14,55,18,8,2
03-ago-18,24,0.2,25.23,0.73,0.967,7.24,1.83,8.9,6.06,0.05,206.01,18.54,40,90,38,466.69,82.81,1059,175.03,0.97,1.27,0.1,0.01,16.56,703,0.1,741,10,0.1306,0.0025,0.1732,0.05,0.063,0.0025,130.8,0.034,60,18,8,3
04-ago-18,23,0.2,24.6,3.21,0.965,7.3,1.38,8.4,2.82,0.07,217.79,24.72,430,430,31,476.54,81.16,1068,169.69,0.9,1.67,0.1,0.01,10.74,722,0.1,753,11.22,0.1427,0.0025,0.1522,0.05,0.094,0.0025,127.5,0.037,33,18,8,4
05-ago-18,25,0.15,24.52,2.4,0.965,7.3,1.32,8.6,4.84,0.06,185.76,24.3,40,230,36,478.71,82.08,1067,203.54,1,1.38,0.1,0.01,12.57,740,0.1,776,10.42,0.1707,0.0025,0.1727,0.05,0.08,0.0025,134.1,0.041,50,18,8,5
01-sep-18,26,0.12,24.28,3.4,0.952,7.47,1.8,9.1,6.15,1.154,186.07,24.36,150000,460000,64,348.38,64.09,824.7,174.81,0.71,1.59,0.1,0.01,10.39,597,0.1,661,10,1.525,0.0025,0.0889,0.05,0.2,0.0025,100.6,0.02,90,18,9,1
02-sep-18,25,0.11,25.54,3.53,0.777,7.37,1.6,9.2,5.87,0.103,181.84,14.07,430,930,70,437.37,82.87,1066,177.98,0.8,1.43,0.1,0.01,9.94,714,0.1,784,10,0.1503,0.0025,0.1069,0.05,0.052,0.0025,130.5,0.02,80,18,9,2
03-sep-18,24,0.11,24.49,5,0.946,7.36,1.32,9.4,7.75,0.088,206.31,17.58,430,430,109,450.19,84.36,1062,204.74,0.89,1.32,0.1,0.01,9.2,632,0.1,741,10,0.1017,0.0025,0.0897,0.05,0.05,0.0025,134.1,0.02,80,18,9,3
04-sep-18,24,0.11,23.77,3.21,0.952,7.41,0.74,9.2,6.81,0.107,174.89,18.06,150,430,64,428.04,82.96,1063,206.52,0.82,1.34,0.1,0.01,10.62,705,0.1,769,10,0.0925,0.0025,0.0772,0.05,0.05,0.0025,132.8,0.02,70,18,9,4
05-sep-18,26,0.12,24.38,7.44,0.947,7.42,1.04,9.3,5.85,0.183,188.79,20.4,70,210,70,436.2,85.09,1066,190.87,0.79,1.38,0.1,0.01,9.08,715,0.1,785,10,0.1422,0.0025,0.0896,0.05,0.052,0.0025,133.5,0.02,80,18,9,5
01-oct-18,27,0.12,24,10.19,0.912,7.54,,,,,,,,,,,,,,,,,,,,,,,,,,,,,,,,18,10,1
02-oct-18,26,0.11,24.94,12.51,0.876,7.58,,,,,,,,,,,,,,,,,,,,,,,,,,,,,,,,18,10,2
03-oct-18,26,0.12,24.19,11.1,0.914,7.64,,,,,,,,,,,,,,,,,,,,,,,,,,,,,,,,18,10,3
04-oct-18,25,0.12,24.49,8.71,0.911,7.54,,,,,,,,,,,,,,,,,,,,,,,,,,,,,,,,18,10,4
05-oct-18,26,0.12,24.83,13,0.908,7.47,,,,,,,,,,,,,,,,,,,,,,,,,,,,,,,,18,10,5
01-nov-18,24,0.1,19.64,5.5,0.925,7.48,2.44,9.3,6.45,0.116,166.31,10.32,240000,240000,64,423.37,79.22,1035,179.7,0.72,1.62,0.1,0.01,9.88,695,0.1,759,10,0.213,0.0034,0.1921,0.05,0.064,0.0137,122.8,0.02,80,18,11,1
02-nov-18,20,0.12,17.41,1.87,0.904,7.6,2.23,9.7,8.75,0.101,161.15,12.66,40,40,55,440.12,82.82,1049,176.5,0.73,1.31,0.1,0.01,8.51,724,0.1,789,10,0.1816,0.0037,0.1793,0.05,0.05,0.0129,134.3,0.02,85,18,11,2
03-nov-18,21,0.12,19.17,6.95,0.919,7.39,1.82,9.6,8.61,0.17,204.69,19.98,40,40,120,444.26,83.97,1050,186.92,0.82,1.81,0.1,0.01,17.08,711,0.1,831,10,0.1863,0.0038,0.1882,0.05,0.05,0.0139,127.2,0.02,180,18,11,3
04-nov-18,21,0.1,19.59,6.28,0.926,7.43,2.93,9.6,9.11,0.074,164.59,14.13,70,70,764,433.82,82.91,1051,184.51,0.65,1.35,0.1,0.01,9.25,672,0.1,764,10,0.1503,0.0036,0.1792,0.05,0.05,0.019,127.5,0.02,85,18,11,4
05-nov-18,23,0.1,19.6,5.44,0.923,7.47,1.4,9.7,8.42,0.097,221.88,13.08,90,230,82,435.59,81.71,1049,152.71,0.76,1.31,0.1,0.01,20.05,683,0.1,765,10,0.1712,0.0043,0.1701,0.05,0.05,0.0214,126.6,0.02,85,18,11,5
01-dic-18,17,0.12,17.56,4.52,0.921,7.58,1.91,8.8,7.15,0.196,137.66,12.06,24000,46000,654,425.54,79.54,1035,200.45,0.76,1.71,0.1,0.01,8.77,654,0.1,706,10,0.2334,0.0056,0.1712,0.05,0.054,0.0025,129.3,0.02,80,18,12,1
02-dic-18,20,0.1,17.48,4.07,0.894,7.46,1.58,8.8,7.3,0.088,145.39,12.42,230,430,702,426.13,84.76,1053,177.54,0.7,1.46,0.1,0.01,12.39,702,0.1,759,10,0.0714,0.0025,0.1222,0.05,0.05,0.0025,132.9,0.072,90,18,12,2
03-dic-18,21,0.1,17.21,5.5,0.917,7.39,1.4,8.8,7.36,0.17,109.87,9.93,90,150,705,441.11,83.14,1054,179.73,0.77,1.4,0.1,0.01,9.56,705,0.1,755,10,0.1005,0.0093,0.1388,0.05,0.196,0.0025,129.9,0.02,85,18,12,3
04-dic-18,21,0.1,17.22,6.4,0.924,7.37,1.56,8.8,7.67,0.144,192.09,13.47,430,930,715,443.47,82.08,1052,180.93,0.75,1.52,0.1,0.01,13.23,715,0.1,772,10,0.2028,0.0053,0.1805,0.05,0.05,0.0025,129.2,0.02,80,18,12,4
05-dic-18,21,0.12,17.44,5.7,0.927,7.4,1.52,8.8,8.63,0.164,166.31,13.47,90,90,689,434.21,84.16,1050,183.52,0.82,1.42,0.1,0.01,8.77,689,0.1,761,10,0.1617,0.0069,0.1635,0.05,0.05,0.0025,129.9,0.02,95,18,12,5
01-ene-19,20,0.1,18.87,9.45,0.94,7.31,0.1,9.2,7.49,0.092,134.69,35.28,24000,24000,68,462.01,83.23,1075,185.24,3.8,1.51,0.13,0.01,10.25,713,0.1,781,10,0.1069,0.0152,0.1454,0.05,0.058,0.0059,125.1,0.022,40,19,1,1
02-ene-19,18,0.08,17.17,5.66,0.925,7.48,0.1,9.3,9.39,0.088,273.79,12.72,90,150,80,465.22,94.57,1078,183.07,3.81,1.26,0.27,0.1,11.3,723,0.1,803,10,0.1146,0.0188,0.1231,0.05,0.05,0.0061,131.1,0.02,45,19,1,2
03-ene-19,19,0.1,17.54,6.7,0.936,7.23,1.72,9.3,8.38,0.076,261.25,14.34,40,90,75,458.8,83.64,1083,187.02,2.3,1.38,0.11,0.01,10.57,736,0.1,811,10,0.1439,0.0097,0.1522,0.05,0.05,0.0054,131.2,0.02,45,19,1,3
04-ene-19,20,0.12,17.77,6.5,0.938,7.36,0.1,9.3,8.25,0.062,244.62,12.54,90,90,80,480.88,82.73,1082,197.7,2.47,1.26,0.12,0.01,10.64,725,0.1,805,10,0.1068,0.0158,0.1279,0.05,0.05,0.0079,131.1,0.024,38,19,1,4
05-ene-19,22,0.1,19.45,9.95,0.94,7.38,0.1,9.3,9.89,0.076,277,18.03,90,230,78,456.39,81.54,1080,197.7,2.72,1.49,0.12,0.01,10.81,749,0.1,827,10,0.1408,0.0181,0.1285,0.05,0.05,0.0054,128.4,0.028,55,19,1,5
01-feb-19,25,0.12,19.59,4.57,0.979,7.41,1.97,9,9.96,0.14,234.11,16.95,9300,24000,74,425.86,82.7,1059,167.16,1.39,1.85,0.68,0.01,10.62,740,0.1,813,10,0.1132,0.0025,0.1815,0.05,0.095,0.0025,131.6,2.856,75,19,2,1
02-feb-19,22,0.1,19.05,4.91,0.97,7.44,2.51,9.3,11.36,0.108,266.79,17.91,90,150,89,445.82,83.97,927,189.71,1.39,1.56,0.5,0.01,9.31,728,0.1,817,10,0.0727,0.0025,0.1794,0.05,0.052,0.0026,129.5,0.02,80,19,2,2
03-feb-19,23,0.1,19.33,6.41,0.972,7.4,2.57,9.2,11.2,0.12,246.95,16.17,90,230,89,471.55,84.16,1068,176.06,1.45,1.48,0.5,0.01,9.71,725,0.1,814,10,0.0432,0.0025,0.1574,0.05,0.051,0.0025,129.6,0.02,75,19,2,3
04-feb-19,23,0.12,19.48,5.61,0.974,7.44,1.02,9.2,13.3,0.081,234.99,13.65,430,930,83,462.72,84.84,1071,178.04,0.99,1.55,0.5,0.01,9.88,708,0.1,791,10,0.0769,0.0025,0.1368,0.05,0.058,0.0046,136.9,0.02,70,19,2,4
05-feb-19,23,0.12,19.24,4,0.975,7.44,1.38,9.2,10.33,0.102,238.49,14.67,430,430,80,464.26,85.39,1074,168.15,2.29,1.57,0.5,0.01,9.65,749,0.1,829,10,0.0983,0.0025,0.1723,0.05,0.05,0.0071,129.9,0.02,70,19,2,5
01-mar-19,,,,,,,0.91,9.3,10.67,0.129,278.88,20.01,4600,11000,90,474.46,86.19,1119,176.82,0.96,2.14,0.1,0.01,11.82,766,0,856,10,0.2022,0.0047,0.0964,0.05,0.05,0.0056,141.1,0.021,110,19,3,1
02-mar-19,,,,,,,0.83,9.2,7.38,0.12,272.83,17.37,150,430,90,474.07,93.35,1142,184.59,1.24,1.75,0.1,0.01,10.45,783,0.1,873,10,0.1139,0.0043,0.081,0.05,0.069,0.0054,135.6,0.02,110,19,3,2
03-mar-19,,,,,,,0.31,9.3,8.84,0.083,287.25,20.61,430,930,93,488.7,92.28,1152,188.79,1.52,1.54,0.1,0.01,10.05,772,0.1,865,10,0.0895,0.0025,0.0854,0.05,0.05,0.0067,141.4,0.02,100,19,3,3
04-mar-19,,,,,,,0.43,9.2,8.33,0.089,304.85,19.56,230,930,93,475.23,92.32,1152,175.98,1.37,1.6,0.1,0.01,10.39,771,0.1,864,10,0.1448,0.0031,0.0947,0.05,0.05,0.0063,141.9,0.029,100,19,3,4
05-mar-19,,,,,,,0.51,9.3,7.56,0.089,297.35,19.8,230,430,90,478.31,92.75,1156,178.08,1.59,1.58,0.1,0.01,10.28,785,0.1,875,10,0.0988,0.0025,0.0849,0.05,0.05,0.0065,144.9,0.64,110,19,3,5
01-abr-19,25,0.1,22.67,5.34,1.06,7.37,0.56,9.2,4.86,0.711,324.72,18.6,150000,150000,100,526.96,100.26,1186,155.76,0.84,1.69,0.1,0.01,13.4,823,0.1,923,10,0.5229,0.0025,0.2141,0.05,0.066,0.0081,149.4,0.028,50,19,4,1
02-abr-19,23,0.1,22.14,2.43,1.041,7.69,0.1,9.5,7.82,0.14,355.02,18.18,2400,2400,75,540.69,98.98,1199,140.8,0.93,1.26,0.1,0.01,12.39,827,0.1,902,10,0.2,0.0025,0.1807,0.05,0.05,0.0079,145,0.02,40,19,4,2
03-abr-19,23,0.1,21.09,2.25,1.067,7.46,0.1,9.4,8.27,0.087,329.34,18.99,390,1500,77,518.07,98.65,1201,155.32,0.98,1.28,0.1,0.01,11.54,822,0.1,899,10,0.1936,0.0025,0.2037,0.05,0.05,0.0073,146.4,0.033,40,19,4,3
04-abr-19,24,0.1,21.32,3.14,1.065,7.33,0.1,9.4,6.89,0.14,308.57,17.58,9300,9300,60,531,99.27,1197,160.6,0.8,1.4,0.18,0.01,10.87,836,0.1,896,10,0.3353,0.0025,0.2739,0.05,0.05,0.008,145.7,0.043,50,19,4,4
05-abr-19,24,0.1,21.74,2.15,1.07,7.3,1.12,9.4,7.71,0.108,381.84,18.15,15000,15000,83,531,99.36,1197,169.18,1.75,1.28,0.1,0.01,12.05,826,0.1,909,10,0.2242,0.0025,0.2095,0.05,0.05,0.0079,146.3,0.059,50,19,4,5
01-may-19,28,0.1,23.61,4.61,1.134,7.42,2.55,9.1,8.76,0.268,421.37,16.68,0.00429,930,107,618.32,107.7,1265,209.88,1.4,1.43,0.13,0.01,12.12,868,0.1,975,10,0.2611,0.0105,0.005,0.05,0.06,0.0155,158.3,0.03,90,19,5,1
02-may-19,28,0.1,21.28,0.95,1.14,7.64,3.27,9.2,8.03,0.169,329.05,21.51,0.0005,230,106,561.28,105.53,1239,201.52,4.66,1.54,0.14,0.01,11.39,876,0.1,982,10,0.4162,0.0025,0.005,0.05,0.062,0.0087,158.6,0.02,90,19,5,2
03-may-19,27,0.1,23.1,3.32,1.135,7.35,2.99,9.2,8.93,0.081,360.5,19.5,0.0005,230,104,574.4,106,1265,207.46,1.66,1.34,0.15,0.01,11.4,870,0.1,974,10,0.2335,0.0044,0.005,0.05,0.05,0.0098,165.1,0.02,95,19,5,3
04-may-19,27,0.1,24.08,4.38,1.132,7.36,4.6,9.3,10.76,0.085,369.73,22.41,0.0018987,230,115,583.49,106.85,1263,198.22,0.83,1.87,0.25,0.01,10.94,862,0.1,977,10,0.2013,0.0047,0.1262,0.05,0.05,0.0119,155.7,0.02,90,19,5,4
05-may-19,27,0.1,22.58,1.92,1.136,7.43,3.34,9.3,9.52,0.298,367.71,22.2,0.0005,230,117,613.78,103.46,1227,212.52,1.44,1.41,0.12,0.01,11.32,862,0.1,979,10,0.3166,0.0045,0.1405,0.05,0.05,0.0096,162,0.02,95,19,5,5
01-jun-19,26,0.1,24.7,5.24,1.153,7.61,1.02,8.7,7.23,0.333,208.95,12.18,24000,24000,80,486.8,106.39,1229,197.9,2.29,1.54,0.1,0.01,10.75,839,0.1,919,10,0.4674,0.0096,0.1229,0.05,0.057,0.0071,164.7,0.02,65,19,6,1
02-jun-19,26,0.08,21.64,2.08,1.131,7.76,0.81,8.9,6.93,0.195,290.82,27.54,750,1500,75,477.46,106.94,1250,151.16,2.28,1.35,0.1,0.01,10.98,881,0.1,956,10,0.3846,0.108,0.1674,0.05,0.052,0.0082,169.4,0.042,65,19,6,2
03-jun-19,27,0.1,24.37,3.34,1.155,7.6,1.02,8.9,9.47,0.191,229.96,25.02,430,930,58,449.07,106.49,1245,179.21,2.28,1.4,0.1,0.01,10.53,864,0.1,922,10,0.3705,0.0108,0.1255,0.05,0.05,0.0152,166.9,0.02,45,19,6,3
04-jun-19,27,0.1,26.93,6.7,1.159,7.61,0.63,9,6.91,0.139,260.23,29.16,90,230,63,473.35,107.4,1250,157.09,2.29,1.28,0.1,0.01,10.81,881,0.1,944,10,0.4158,0.0103,0.1127,0.05,0.05,0.0071,168.9,0.02,45,19,6,4
05-jun-19,28,0.1,24.3,5.4,1.153,7.69,1.1,9,6.06,0.817,256.22,34.98,90,230,100,485.68,107.22,1254,178.75,2.27,1.31,0.1,0.01,11.14,899,0.2,999,10,0.6396,0.0112,0.116,0.05,0.066,0.009,171.9,0.024,65,19,6,5
01-jul-19,22,0.1,23.9,1.72,1.087,7.32,2.14,7.6,4.16,2.295,96,18.42,1100000,1100000,52,275.38,47.95,722,72.15,0.7,1.78,0.1,0.01,7.49,491,0.3,543,114.44,0.3486,0.0025,0.1339,0.05,0.215,0.0303,82.1,0.032,50,19,7,1
02-jul-19,20,0.15,24,2,0.61,7.23,0.54,8.9,4.55,0.161,216.98,22.74,4600,11000,37,509.01,108.23,1235,131.31,1.38,1.57,0.1,0.01,10.18,859,0.1,896,10,0.1768,0.0025,0.0852,0.05,0.05,0.0419,161.7,0.02,65,19,7,2
03-jul-19,20,0.15,23.92,0.74,0.98,7.09,0.58,8.8,4.01,0.08,229.65,38.28,2400,4600,26,490.07,107.53,1224,131.08,0.96,1.52,0.1,0.01,9.42,845,0.1,871,10.28,0.1009,0.0025,0.0799,0.05,0.05,0.156,161,0.02,56,19,7,3
04-jul-19,21,0.1,23.68,2.6,1.052,7.25,0.34,8.7,3.34,0.285,155.19,26.7,24000,46000,25,446.22,97.11,1133,111.13,0.98,1.48,0.1,0.01,8.43,790,0.1,815,10.7,0.1889,0.0025,0.1695,0.05,0.064,0.0183,147,0.02,40,19,7,4
05-jul-19,22,0.1,23.74,2.33,1.08,7.3,0.77,8.8,4.34,0.184,198.75,34.92,930,1500,30,479.54,105.11,1204,126.67,1.9,1.56,0.1,0.01,9.36,840,0.2,870,10.32,0.1559,0.0044,0.1728,0.05,0.05,0.0494,158.1,0.03,65,19,7,5
01-ago-19,24,0.15,25,5.48,1.025,7.53,1.55,8.8,7.11,0.286,196.59,19.5,110000,110000,25,428.67,93.19,1115,185.16,3.55,1.61,0.14,0.01,8.74,773,0.1,798,10,0.2324,0.0025,0.1445,0.05,0.088,0.0025,141.3,1.504,25,19,8,1
02-ago-19,23,0.2,24,1.77,0.997,7.36,1.51,9.1,7.48,0.277,201.22,11.85,4600,11000,30,465.91,95.45,1144,199.68,2.5,1.42,0.14,0.02,7.2,778,0.1,818,10,0.172,0.0029,0.1403,0.05,0.5,0.0027,146.6,0.887,45,19,8,2
03-ago-19,23,0.15,23.39,3.63,1.0221,7.39,1.93,8.9,10.3,0.098,199.37,12.76,230,430,20,469.72,95.54,1135,183.74,2.66,1.45,0.11,0.01,7.67,792,0.1,812,10,0.1183,0.0039,0.1265,0.05,0.05,0.0025,146.6,1.559,55,19,8,3
04-ago-19,28,0.15,25.39,8.76,1.02,7.55,1.55,8.8,6.17,0.113,182.69,8.54,230,430,30,455.86,96.74,1145,183.97,3.3,1.35,0.12,0.01,7.44,778,0.1,808,10,0.1029,0.0025,0.1368,0.05,0.05,0.0045,143.4,0.02,45,19,8,4
05-ago-19,25,0.15,25.62,9.9,1.022,7.54,1.83,9.2,9.09,0.113,151.17,19.23,90,150,40,473.53,94.34,1148,194.21,2.05,1.29,0.11,0.01,7.9,772,0.1,812,10,0.1337,0.0025,0.1222,0.05,0.05,0.0025,146.2,0.583,55,19,8,5
01-sep-19,,,,,,,3.64,9,5.78,0.421,226.36,14.73,460000,460000,60,394.85,87.86,984,156.49,2.49,1.28,0.11,0.01,8.47,671,0.1,731,10,0.3078,0.0043,0.1495,0.05,0.066,0.0058,139.3,0.209,75,19,9,1
02-sep-19,,,,,,,1,9.3,6.57,0.09,132.35,10.95,230,430,73,429.47,95.94,1037,162.83,1.64,1.36,0.1,0.01,7.44,723,0.1,796,10,0.1488,0.0044,0.0177,0.05,0.05,0.0025,148.6,3.002,75,19,9,2
03-sep-19,,,,,,,0.36,9.3,7.19,0.094,237.03,14.22,430,430,60,420.5,94.92,1024,161.6,1.83,1.32,0.11,0.01,8.24,688,0.1,748,10,0.1023,0.0025,0.0453,0.05,0.05,0.003,147.6,0.031,65,19,9,3
04-sep-19,,,,,,,0.63,9.2,7.27,0.16,124.48,14.01,90,230,60,440.73,97.66,1039,160.38,2.58,1.38,0.1,0.01,7.84,721,0.1,781,10,0.0855,0.0025,0.012,0.05,0.05,0.0039,149.8,0.02,70,19,9,4
05-sep-19,,,,,,,0.52,9.2,6.95,0.215,137.76,13.89,430,430,67,450.56,95.06,1042,159.56,2.02,1.43,0.1,0.01,7.38,746,0.1,813,10,0.2373,0.0025,0.0167,0.05,0.05,0.0052,149.6,0.02,70,19,9,5
01-oct-19,20,0.12,22.93,3.05,1.008,7.42,0.82,9,9.38,0.548,513.6,19.98,11000,11000,63,398.99,89.43,1039,162.73,1.61,1.61,0.31,0.01,11.17,734,0.1,797,10,0.5017,0.0025,0.356,0.05,0.624,0.0025,141.6,0.02,70,19,10,1
02-oct-19,20,0.1,22.39,4.27,0.977,7.45,0.76,9.1,6.41,0.201,118.58,9.93,4600,4600,47,430.5,95.22,1090,160.72,1.29,1.29,0.28,0.01,8.38,740,0.1,787,10,0.3186,0.0025,0.239,0.05,0.05,0.0025,150.7,0.02,60,19,10,2
03-oct-19,21,0.1,22.73,2.7,1.005,7.44,0.81,9,5.89,0.204,108.82,7.53,430,430,50,416.25,89.25,1088,163.33,1.43,1.43,0.28,0.01,8.21,747,0.1,797,20.4,0.2007,0.0025,0.165,0.05,0.05,0.0025,149,0.02,65,19,10,3
04-oct-19,20.5,0.1,22.96,3.99,1.005,7.44,0.57,9.1,7.32,0.154,130.3,10.38,90,90,60,422.07,94.94,1085,162.93,1.42,1.42,0.28,0.01,8.1,748,0.1,808,10,0.1335,0.0025,0.141,0.05,0.05,0.0025,149.6,0.02,70,19,10,4
05-oct-19,19,0.1,22.77,1.41,1.009,7.41,0.52,9.1,7.11,0.255,128.34,12.87,930,930,57,216.35,96.1,1080,165.55,1.39,1.39,0.3,0.01,8.63,759,0.1,816,16.05,0.1428,0.0025,0.152,0.05,0.05,0.0052,148.5,0.02,75,19,10,5
01-nov-19,19,0.1,21.11,2,0.999,7.34,0.85,9.2,7.73,0.228,114.64,12.56,24000,46000,60,421.61,85.3,1030,156.53,3.39,2.18,0.84,0.014,9.1,686,0.1,746,25.24,0.2378,0.0025,0.237,0.05,0.062,0.0025,139.6,0.02,80,19,11,1
02-nov-19,20,0.1,19.77,2.28,0.955,7.48,0.44,9.1,7.43,0.173,124.48,12.34,90,90,66,439.62,95.1,1089,167.71,1.41,1.62,0.21,0.01,7.9,709,0.1,775,10,0.1652,0.0025,0.253,0.05,0.05,0.0031,149.5,0.101,80,19,11,2
03-nov-19,20,0.1,20.66,2.99,1.002,7.51,0.7,9.2,7.75,0.139,125.46,11.98,40,90,63,436.42,96.6,1083,156.93,1.27,1.6,0.23,0.01,8.09,722,0.1,785,10,0.099,0.004,0.189,0.05,0.05,0.0025,148.9,0.058,80,19,11,3
04-nov-19,20,0.1,21.74,7,1.003,7.47,0.12,9.5,8.53,0.16,125.46,13.5,90,90,72,448.02,95.32,1085,159.13,1.18,1.6,0.21,0.01,8.34,704,0.1,776,10,0.1171,0.0025,0.189,0.05,0.05,0.0025,149,0.033,80,19,11,4
05-nov-19,20,0.12,21.27,6.15,1.001,7.45,0.46,9.7,9.8,0.176,129.89,16.42,90,90,80,450.42,94.17,1104,160.33,1.42,1.52,0.26,0.01,8.06,726,0.1,806,10,0.2064,0.0037,0.211,0.05,0.05,0.0025,150,0.035,87.5,19,11,5
01-dic-19,,,,,,,,,,,,,,,,,,,,,,,,,,,,,,,,,,,,,,19,12,1
02-dic-19,,,,,,,,,,,,,,,,,,,,,,,,,,,,,,,,,,,,,,19,12,2
03-dic-19,,,,,,,,,,,,,,,,,,,,,,,,,,,,,,,,,,,,,,19,12,3
04-dic-19,,,,,,,,,,,,,,,,,,,,,,,,,,,,,,,,,,,,,,19,12,4
05-dic-19,,,,,,,,,,,,,,,,,,,,,,,,,,,,,,,,,,,,,,19,12,5
01-ene-20,17,0.8,18.39,5.1,1.032,7.32,0.1,8.7,8.4,0.157,396.09,16.26,15000,15000,73,471.09,92.37,1731,161.07,1.47,1.78,0.47,0.01,10.92,754,0.1,827,10,0.254,0.0072,0.241,0.05,0.157,0.004,141.7,0.026,110,20,1,1
02-ene-20,21,0.1,19.06,5.32,0.997,7.42,0.43,8.8,6.65,0.132,249.67,12.21,90,90,68,477.65,97.61,1842,161.07,1.97,1.57,0.36,0.01,10.23,799,0.1,867,10,0.216,0.0075,0.244,0.05,0.05,0.0038,147.8,0.02,110,20,1,2
03-ene-20,19,0.1,17.85,3.17,1.036,7.43,0.1,8.7,6.92,0.11,294.63,14.16,40,40,69,479.29,97.24,1725,156.28,1.76,1.53,0.34,0.01,9.18,778,0.1,847,10,0.232,0.007,0.242,0.05,0.05,0.0053,147.5,0.02,100,20,1,3
04-ene-20,20,0.1,18.21,4.57,1.075,7.4,0.21,8.7,7.21,0.331,280.13,12.3,3,3,82,481.75,95.83,1794,163.06,1.4,1.67,0.37,0.01,9.44,773,0.1,855,10,0.586,0.005,0.206,0.05,0.05,0.0044,147.3,0.022,110,20,1,4
05-ene-20,22,0.1,17.81,4.8,1.033,7.42,0.1,8.7,7.92,0.126,273.33,19.41,40,40,68,492,96.07,1825,157.68,1.21,1.28,0.3,0.01,10.63,783,0.1,851,10,0.206,0.0055,0.204,0.05,0.05,0.0037,149.4,0.02,120,20,1,5
