"Temperatura","pH","Oxígeno disuelto","Conductividad","Turbiedad","Alcalinidad total","Cloruros totales","Dureza total","Fluoruros","Nitrógeno de nitratos","Nitrógeno de nitritos","Nitrógeno amoniacal","Nitrógeno total Kjeldahl","Sulfatos","SAAM","DBO","DQO","Grasas y aceites","Fósforo total","SST","Sólidos disueltos tot.","Sólidos sedimentables","Sulfuros","Aluminio","Arsénico","Bario","Cadmio","Cobre","Cromo","Fierro","Manganeso","Mercurio","Níquel","Plomo","Sodio","Zinc","Coliformes totales","Coliformes fecales","Temp. ambiente","Acidez total","Dureza de calcio","Sólidos totales","Nitrógeno total","fecha","año","mes","est"
19,7.6,6.77,543,7.3,215.99,23.95,106.49,0.91,0.28,0.138,13.98,14.97,29.4,1.35,6.57,35.92,5.52,2.48,13,300,0.1,0.78,0.655,0.0025,0.105,0.0005,0.05,0.05,0.957,0.189,0.00078,0.1,0.0025,36.6,0.02,1100000,460000,26,14.72,65.99,313,15.39,2020-03-25,"2020","3","RZ-05"
19,7.9,7.3,424,14,140.27,17.44,125.58,0.27,13.71,0.395,0.5,1.05,15.16,0.26,3.42,18,6.7,0.85,15,293,0.1,0.1,1,0.0025,0.067,0.00078,0.05,0.05,1.03,0.125,0.00076,0.1,0.0025,24,0.02,46000,46000,30,5.7,140.27,308,15.16,2020-03-25,"2020","3","RZ-04"
21,7.8,7.05,575,11,220.76,37.76,142.9,0.28,0.3,0.056,6,7.4,10.57,0.39,5.39,29.03,5.14,1.29,17,333,0.1,0.1,0.538,0.0025,0.101,0.0005,0.05,0.05,0.909,0.371,0.00067,0.1,0.0025,40.3,0.021,15000,9300,31,8.56,86.68,350,7.76,2020-03-25,"2020","3","RZ-03"
27,6.7,0.39,1067,150,406.41,68.55,685,1.37,0.19,0.01,6.17,9.43,92.26,2.57,36.84,80.2,8.36,2.32,305,680,3,2.92,13.85,0.0025,0.197,0.00057,0.05,0.05,8.121,0.253,0.0005,0.1,0.0073,116,0.056,11000000,4600000,30,22.08,184.79,985,9.62,2020-03-25,"2020","3","RL-02"
25,8,5.17,927,40,346.93,57.14,275.77,1,0.22,0.01,0.5,1.46,100.24,0.1,1.83,31,5.14,0.63,41,622,0.1,0.45,3.61,0.0025,0.203,0.0005,0.05,0.05,2.158,0.05,0.0005,0.1,0.0025,92.9,0.026,110000,46000,26,2,135.14,663,1.68,2020-03-25,"2020","3","CS-01"
16,7.8,5.49,630,5.2,257,27.96,113.23,0.35,0.29,0.102,19.04,20.5,37.5,1.22,9.99,43.79,9.9,3.74,9,337,0.1,0.37,1.425,0.0038,0.223,0.0005,0.05,0.05,1.131,0.431,0.0005,0.1,0.0051,47.9,0.025,1200000,1200000,23,12.6,72.1,346,20.89,2020-04-07,"2020","4","RZ-05"
17,8,7.01,456,7.8,150.83,20.41,132.53,0.35,8.55,0.086,0.5,1.05,24.52,0.18,2.82,22.63,7.22,1.59,11,321,0.1,0.53,1.165,0.0038,0.128,0.0005,0.05,0.05,0.72,0.051,0.0005,0.1,0.003,32.4,0.02,46000,46000,23,12.41,83.92,332,9.69,2020-04-07,"2020","4","RZ-04"
18,7.7,7.26,581,7.5,249.49,7.53,145.33,0.36,0.19,0.103,4.08,6.17,10,0.19,3.8,28.04,9.53,1.62,7,357,0.1,0.31,1.215,0.0025,0.161,0.0005,0.05,0.05,0.744,0.696,0.0005,0.1,0.0041,50.4,0.02,930,930,27,12.22,96.33,357,6.46,2020-04-07,"2020","4","RZ-03"
20,7.4,5.12,989,31.5,390.17,87.98,223.5,1.61,0.27,0.015,0.5,8.39,56.56,0.12,17.01,103.32,18.17,1.7,124,654,6.5,0.94,4.69,0.0038,0.212,0.00057,0.05,0.05,2.435,0.172,0.0005,0.1,0.0086,115.5,0.025,46000,46000,33,23.31,136.13,778,8.68,2020-04-07,"2020","4","RZ-02"
25,7.4,0.81,1089,17,427.92,70.72,199.09,1,0.11,0.01,6.93,8.85,97.05,2.42,15.36,61.5,7.01,1.82,15,678,0.1,6.05,1.515,0.0074,0.247,0.00053,0.05,0.05,0.427,0.128,0.0005,0.1,0.0083,128.5,0.025,1500000,930000,31,37.04,135.54,693,8.96,2020-04-07,"2020","4","RL-02"
23,7.7,2.07,963,11,352.41,58.32,231.97,1.15,0.34,0.01,0.5,1.11,102.02,0.1,2.86,39.36,12.11,0.68,20,628,0.5,0.27,1.61,0.0025,0.316,0.0005,0.05,0.05,0.512,0.115,0.00057,0.1,0.0057,99.3,0.02,430,230,33,10.34,132.78,648,1.45,2020-04-07,"2020","4","RL-01"
25,8.8,6.97,933,40,361.34,58.13,267.81,1.2,0.17,0.01,0.5,1.11,101.54,0.1,2.22,27.55,6.31,0.55,40,635,0.1,0.1,4.9,0.0063,0.36,0.00283,0.05,0.05,2.523,0.061,0.0005,0.1,0.0123,99,0.022,4600,4600,33,2,133.57,675,1.28,2020-04-07,"2020","4","CS-01"
18,7.7,4,658,11,261.67,28.9,102.59,0.44,0.42,0.01,21.63,25.32,42.38,3.53,23.58,77.74,5.14,3.06,17,349,0.2,0.21,1.06,0.0025,0.161,0.0005,0.05,0.05,1.041,0.337,0.0005,0.1,0.0025,44.3,0.022,46000000,46000000,24,12.13,67.57,366,25.75,2020-05-06,"2020","5","RZ-05"
19,6.7,6.88,526,8.35,169.3,23.95,131.54,0.3,14.91,0.293,5.36,7.9,26.12,0.32,6.03,35.92,5.14,2.81,13,342,0.1,0.1,1.845,0.0025,0.086,0.0005,0.05,0.05,0.828,0.067,0.0005,0.1,0.0025,35.2,0.025,110000,24000,26,8.84,85.69,355,23.1,2020-05-06,"2020","5","RZ-04"
23,6.6,2,564,7.6,213.35,37.39,139.62,0.38,0.33,0.022,4.04,7.96,26.51,0.57,9.39,43.79,5.14,2.08,15,345,0.1,0.1,1.36,0.0025,0.14,0.0005,0.05,0.05,0.817,5.63,0.0005,0.1,0.0025,44.3,0.029,7500000,4300000,26,11.19,83.33,360,8.31,2020-05-06,"2020","5","RZ-03"
22,6.8,4.69,1019,4,380.62,61.86,235.96,1.19,0.1,0.01,0.5,0.98,104.66,0.1,1.57,25.09,5.14,0.73,10,651,0.1,1.34,0.76,0.017,0.163,0.00201,0.05,0.05,0.214,0.115,0.00076,0.1,0.0091,107.5,0.024,15000,15000,28,12.58,136.42,661,0.98,2020-05-11,"2020","5","RL-01"
25,7.7,5.58,983,29,528.61,59.26,248.31,1.34,0.1,0.01,0.5,0.98,106.31,0.1,1.3,29.03,5.14,0.62,30,658,0.1,0.1,2.46,0.0169,0.127,0.00065,0.05,0.05,1.639,0.05,0.00095,0.1,0.0098,104.7,0.041,11000,11000,30,42.18,135.24,688,0.98,2020-05-11,"2020","5","CS-01"
19,7.6,6.51,605,5.3,235.48,27.49,105.34,0.27,0.1,0.01,18.57,20.91,41.89,1.27,24,54.61,5.97,3.63,9,314,0.1,0.1,0.72,0.0025,0.114,0.0005,0.05,0.05,0.887,0.342,0.00077,0.1,0.0052,41.2,0.02,1500000,1500000,30,16.56,68.44,323,20.92,2020-06-03,"2020","6","RZ-05"
20,7.7,6.75,417,3.5,124.64,18.43,119.8,0.27,15.95,0.019,0.5,0.5,24.7,0.12,7.11,18,5.14,1.85,12,293,0.1,0.1,2.04,0.0025,0.169,0.0005,0.05,0.05,0.604,0.051,0.00068,0.1,0.0025,28.1,0.02,1500,1500,33,4.44,67.86,305,15.97,2020-06-03,"2020","6","RZ-04"
24,7.7,6.58,540,3.8,221.57,26.69,150.49,0.52,0.58,0.131,2.7,3.29,25.06,0.1,8.5,18,5.14,1.37,7,329,0.1,0.1,0.9335,0.0025,0.164,0.0005,0.05,0.05,0.525,0.253,0.00084,0.1,0.0025,40.6,0.02,46000,46000,37,7.49,96.13,329,4,2020-06-03,"2020","6","RZ-03"
20,7.2,5.5,771,31,252.73,75.11,158.89,0.58,0.62,0.02,0.5,6.47,21.35,0.1,58.68,95.94,12.83,2.21,194,469,0.1,0.26,0.805,0.0037,0.234,0.0005,0.05,0.05,7.078,1.723,0.00077,0.1,0.0025,81.8,0.044,460000,460000,37,22.29,120.51,663,7.11,2020-06-03,"2020","6","RZ-02"
23,6.8,5.01,1070,2.9,390.77,65.89,253.68,1.07,0.14,0.01,0.5,0.9,108.22,0.1,1.7,34.93,5.14,0.6,17,703,0.1,1.64,0.83,0.0025,0.217,0.00235,0.05,0.05,0.48,0.105,0.0005,0.1,0.0081,116.1,0.02,11000,11000,30,16.46,167.5,720,1.04,2020-06-08,"2020","6","RL-01"
27,7.8,5.73,1001,27,370.68,61.53,253.88,1.07,0.18,0.01,0.5,0.96,104.53,0.1,3.96,32.47,6.5,0.48,39,670,0.1,1.94,1.935,0.0025,0.19,0.00593,0.05,0.05,2.261,0.051,0.0005,0.1,0.0124,103.8,0.027,24000,24000,31,2,84.24,709,1.14,2020-06-08,"2020","6","CS-01"
18,7.2,6.79,172,700,100.04,9.85,38.61,0.68,0.5,0.018,0.5,3.11,10,0.27,22.5,97.71,5.14,0.81,563,267,0.7,0.1,13.4614,0.0028,0.2904,0.0031,0.05,0.05,25.961,0.716,0.0005,0.1,0.0271,10,0.056,4600000,4000000,23,11.05,38.61,830,3.63,2020-07-30,"2020","7","RZ-05"
19,7.5,6.91,147,1500,104.55,10.56,71.69,0.64,5.38,0.03,0.52,6.29,10,0.1,21.36,111.1,5.2,1.01,1709,355,1,0.1,18.285,0.0068,0.7532,0.00336,0.05,0.061,66.032,1.264,0.0005,0.1,0.0537,10,0.129,2400000,2400000,26,9.57,49.2,2064,11.7,2020-07-30,"2020","7","RZ-04"
19,7.3,5.63,169,1100,91.22,9.38,84.06,1.36,5.66,0.204,0.52,5.94,10,0.1,15.87,101.18,6.1,1.21,1400,360,1,0.1,9.5644,0.0061,0.4738,0.00342,0.05,0.05,58.611,1.306,0.0005,0.1,0.0454,10,0.121,460000,240000,27,10.09,45.67,1760,11.8,2020-07-30,"2020","7","RZ-03"
22,7.2,3.1,324,390,126.07,20.56,97.41,0.6,5.55,0.193,2.25,5.59,22.72,0.16,8.76,48.11,5.14,1.32,362,316,0.1,0.1,9.5007,0.0025,0.2567,0.00188,0.05,0.05,23.74,0.367,0.0005,0.1,0.0165,14.4,0.039,110000,110000,33,10.44,55.66,678,11.33,2020-07-30,"2020","7","RZ-02"
24,7.3,6.18,401,27,144.22,21.88,102.32,1.65,0.21,0.057,1.15,3.86,40.2,0.1,5.42,34.22,5.14,1.46,32,287,0.2,0.1,6.2784,0.0047,0.1922,0.00177,0.05,0.05,1.502,0.221,0.0005,0.1,0.0112,30.3,0.02,2400000,2400000,27,10.7,62.33,319,4.13,2020-07-31,"2020","7","RL-01"
22,7.1,2.7,326,270,120.54,21.12,94.86,0.49,2.9,0.228,2.19,5.25,68.91,0.1,7.59,52.08,5.14,1.07,390,202,0.5,0.43,9.3962,0.0032,0.262,0.00177,0.05,0.05,14.465,0.312,0.0005,0.1,0.0216,16.8,0.03,24000,24000,27,11.14,56.25,592,8.38,2020-07-31,"2020","7","CS-01"
19,6.7,7.46,226,350,82.41,12.87,80.72,0.35,5.82,0.194,0.92,2.42,16.69,0.28,8.46,57.54,5.14,0.46,273,223,0.3,0.1,10.41,0.0025,0.243,0.0005,0.05,0.05,21.516,0.323,0.0005,0.1,0.0075,10,0.059,1500000,750000,26,18.27,58.41,496,8.43,2020-08-04,"2020","8","RZ-05"
19,6.7,7.42,201,550,69.7,13.2,77.77,0.41,7.87,0.177,0.63,2.36,13.19,0.14,4.56,41.17,5.14,0.68,390,364,0.2,0.1,11.1,0.0025,0.247,0.0005,0.05,0.05,35.37,0.462,0.00097,0.1,0.0139,10,0.061,75000,43000,30,18.7,52.72,754,10.41,2020-08-04,"2020","8","RZ-04"
20,6.4,7.17,206,700,73.8,9.66,90.93,0.52,6.69,0.126,0.5,2.94,10,0.1,6.39,58.53,5.14,0.34,825,199,0.4,0.1,22.76,0.0059,0.422,0.0005,0.05,0.05,46.836,0.669,0.0008,0.1,0.0152,10,0.088,24000,24000,30,20.44,52.33,1024,9.76,2020-08-04,"2020","8","RZ-03"
22,6.1,5.42,229,850,81.49,12.35,99.97,0.48,3.93,0.228,1.09,2.83,10,0.1,4.68,42.16,5.64,0.85,223,453,0.1,0.1,11.7,0.0028,0.298,0.0005,0.05,0.05,12.428,0.271,0.0005,0.1,0.0134,10,0.07,240000,240000,30,19.75,56.64,676,6.99,2020-08-04,"2020","8","RZ-02"
24,6.4,5.62,348,500,104.86,18.2,111.36,0.74,5.31,0.146,1.44,5.02,55.33,0.1,13.56,77.38,5.55,1.47,779,365,0.4,0.1,19.34,0.0025,0.645,0.00062,0.05,0.05,13.065,0.646,0.00067,0.1,0.0117,19,0.115,110000,110000,31,12.96,80.16,1144,10.48,2020-08-05,"2020","8","RL-01"
22,6.2,4.21,270,400,89.99,15.65,85.43,0.5,3.07,0.249,1.96,3.17,10,0.14,3.72,42.16,5.6,0.94,176,419,0.1,0.1,10.1,0.0025,0.346,0.0005,0.05,0.05,9.88,0.237,0.0005,0.1,0.0202,10,0.07,240000,240000,31,11.74,59.78,595,6.49,2020-08-05,"2020","8","CS-01"
20,6.9,6.86,388,19,118.63,16.47,88.73,0.3,2.53,0.213,4,5.76,14.9,0.19,8.91,33.5,5.14,0.61,29,213,0.1,0.1,1.57,0.0025,0.268,0.00062,0.05,0.05,2.397,0.12,0.0005,0.1,0.0037,11,0.023,4600,4600,23,9.43,54.77,242,8.5,2020-09-01,"2020","9","RZ-05"
19,7.1,7.38,319,22,98.63,13.1,91.89,0.43,6.07,0.1,0.5,1.18,10,0.1,3.98,30,5.14,0.45,83,195,0.2,0.1,2.15,0.0025,0.218,0.00085,0.05,0.05,3.863,0.133,0.0005,0.1,0.0044,10,0.022,15000,15000,27,6.75,54.37,278,7.35,2020-09-01,"2020","9","RZ-04"
21,6.7,5.84,380,60,125.26,12.96,108.84,0.4,1.08,0.184,0.5,1.7,10.9,0.23,6.82,32.5,8.99,0.55,89,243,0.2,0.1,2.87,0.0025,0.145,0.00093,0.05,0.05,5.022,0.183,0.0005,0.1,0.0063,12.4,0.022,150000,150000,27,10.81,62.05,332,2.96,2020-09-01,"2020","9","RZ-03"
22,6.4,6.71,505,360,92.31,20.73,104.31,1,8.55,0.175,0.7,3.76,90.38,0.1,13.44,69.5,5.14,1.18,635,343,0.3,0.1,17.6,0.0056,0.39,0.002,0.05,0.05,16.233,0.424,0.0005,0.1,0.0191,31.3,0.092,210000,14000,19,13.41,65.01,978,12.49,2020-09-02,"2020","9","RL-02"
23,6.3,6.37,462,320,91.6,20.03,101.35,0.74,8.16,0.029,0.5,2.94,11.13,0.1,12.33,69,5.14,1.19,495,442,0.3,0.1,18.24,0.004,0.384,0.00147,0.05,0.05,18.266,0.458,0.0005,0.1,0.018,27.7,0.096,11000000,11000000,22,13.75,62.65,937,11.13,2020-09-02,"2020","9","RL-01"
25,6.6,0.93,1003,50,283.97,27.51,195.01,0.45,2.58,0.01,13.23,19.34,126.1,10.35,119.7,192.08,10.96,2.91,133,513,0.1,7.25,3.96,0.0025,0.146,0.00207,0.05,0.05,3.879,0.196,0.0005,0.1,0.0164,59,0.062,11000000,11000000,23,27.07,111.7,646,21.92,2020-09-02,"2020","9","CS-01"
16,7,6.94,536,11,215.25,26.01,132.75,0.37,0.3,0.112,11.53,16.15,29.29,0.78,31.2,73.9,11.32,2.64,15,301,0.1,0.12,0.795,0.0025,0.16,0.0005,0.103,0.05,1.553,0.312,0.0005,0.1,0.0104,33.5,0.02,2100000,2100000,23,19.5,65.46,316,16.56,2020-10-09,"2020","10","RZ-05"
16,7.2,8.03,341,5.25,124.64,15.93,114.85,0.27,8.67,0.036,0.94,1.93,10,0.11,3.41,18,5.14,0.57,19,210,0.1,0.1,1.315,0.0025,0.101,0.00057,0.05,0.05,0.861,0.05,0.0005,0.1,0.0082,14.4,0.02,750,750,28,5.85,60.56,229,10.64,2020-10-09,"2020","10","RZ-04"
18,6.7,5.42,399,14,153.54,16.67,122.52,0.3,6.05,0.31,1.58,2.46,23.45,0.46,6.03,23.81,5.14,0.74,22,252,0.1,0.1,2.44,0.0025,0.069,0.00056,0.05,0.05,1.342,0.135,0.0005,0.1,0.0203,18.7,0.02,150000,93000,26,8.42,72.13,274,8.82,2020-10-09,"2020","10","RZ-03"
20,6.8,5.63,455,14,176.81,22.38,127.04,0.38,3.84,0.212,4.74,5.27,17.62,0.16,4.14,24.3,5.14,1.43,21,276,0.1,0.1,1.97,0.0025,0.1,0.00058,0.05,0.05,1.188,0.309,0.0005,0.1,0.0102,22,0.02,4600,4600,31,10.45,72.52,297,9.32,2020-10-09,"2020","10","RZ-02"
23,7,6.66,529,65,164.1,29.91,130.78,0.7,5.13,0.214,1.05,3.39,80,0.11,4.07,22.78,5.14,1.34,73,398,0.1,0.1,5.68,0.0043,0.184,0.00055,0.05,0.05,4.531,0.392,0.0005,0.1,0.0111,41.3,0.02,46000,15000,27,13.18,92.71,471,8.73,2020-10-13,"2020","10","RL-02"
25,7,6.9,303,140,113.57,12.17,92.23,0.44,2.12,0.01,0.99,2.98,42.09,0.1,7.56,38.69,5.14,1.04,113,304,0.1,0.12,19.5,0.0025,0.17,0.0005,0.05,0.05,7.378,0.189,0.0005,0.1,0.008,17.7,0.04,4600,430,29,8.19,53.31,417,5.1,2020-10-13,"2020","10","RL-01"
25,8.1,6.71,942,38,344.35,60.42,218.29,1.35,0.1,0.01,0.5,3.04,101.57,0.1,5.26,47.12,8.99,0.48,55,596,0.1,0.63,3.27,0.0179,0.23,0.0008,0.05,0.05,2.054,0.065,0.0005,0.1,0.0143,91.6,0.02,24000,4300,31,2,119.36,651,3.04,2020-10-13,"2020","10","CS-01"
14,7,5.3,687,5.1,285.04,31.16,141.64,0.44,0.1,0.01,19.93,24.34,35.05,3.57,12,48.61,5.14,3.24,23,349,0.1,0.31,1.07,0.0025,0.148,0.00059,0.05,0.05,0.82,0.301,0.0005,0.1,0.0059,41.6,0.02,460000,240000,23,25.65,69.54,372,24.44,2020-11-20,"2020","11","RZ-05"
15,7.1,7.7,419,5.1,141.57,19.74,147.54,0.33,11.53,0.114,0.82,1.12,22.57,0.25,1.94,56.54,5.14,1.61,22,303,0.1,0.1,1.635,0.0025,0.098,0.00068,0.05,0.05,0.491,0.05,0.0005,0.1,0.0056,24.2,0.02,46000,240000,23,12.82,70.53,325,12.76,2020-11-20,"2020","11","RZ-04"
17,6.8,5.8,460,6.8,174.73,19.69,138.29,0.39,5.3,0.01,0.88,2.82,21.8,0.23,3.26,18,5.14,1.2,25,309,0.1,0.1,1.535,0.0025,0.098,0.00081,0.05,0.05,0.705,0.084,0.0005,0.1,0.0055,26.3,0.02,46000,46000,24,12.14,82.74,334,8.12,2020-11-20,"2020","11","RZ-03"
19,7.5,3.77,846,12,285.04,45.23,178.23,2.59,0.72,0.01,2.47,3.41,101.03,0.12,6.11,22.14,5.82,1.99,25,529,0.1,0.31,2.42,0.0025,0.187,0.00097,0.05,0.05,0.857,0.17,0.0005,0.1,0.0103,84.4,0.02,110000,110000,20,18.04,115.25,554,4.13,2020-11-19,"2020","11","RL-02"
20,7,6.72,427,37,168,19.55,116.06,0.57,0.37,0.01,0.76,1.58,37.9,0.1,3.74,19.19,15.23,0.64,52,295,0.1,0.1,4.86,0.0025,0.165,0.00072,0.05,0.05,2.863,0.113,0.0005,0.1,0.0074,33.5,0.02,11000,4600,22,16.42,68.75,347,1.96,2020-11-19,"2020","11","RL-01"
20,8.1,6.95,977,39,349.62,60.6,229.38,1.37,0.1,0.01,0.5,1.94,97.43,0.1,3.85,27.55,8.6,0.54,41,632,0.1,0.1,2.98,0.0028,0.186,0.00061,0.05,0.5,2.165,0.07,0.0005,0.1,0.0107,111.4,0.02,1100000,1100000,24,17.01,137.51,673,1.94,2020-11-19,"2020","11","CS-01"
15,6.9,5.18,691,5.3,277.5,31.54,121.02,0.35,0.1,0.01,23.51,28.02,37.94,3.4,15.96,69.94,14.99,3.82,8,363,0.1,0.59,0.815,0.0025,0.132,0.0005,0.05,0.05,0.676,0.335,0.0005,0.1,0.006,43.3,0.021,460000,240000,25,16.19,76.44,371,28.02,2020-12-08,"2020","12","RZ-05"
16,6.9,7.85,422,4.2,139.09,19.23,121.81,0.43,17.11,0.254,0.59,2.79,14.42,0.22,2.06,18.85,26.07,1.79,10,288,0.1,0.1,0.675,0.0025,0.118,0.0005,0.05,0.05,0.479,0.05,0.00055,0.1,0.0047,24.9,0.02,4600,2400,27,6.34,73.28,298,20.15,2020-12-08,"2020","12","RZ-04"
18,6.9,7.21,492,4.7,192.16,25.36,143.06,0.34,4.95,0.439,1.78,2.43,26.34,0.2,4.33,35.22,9.49,1.38,7,321,0.1,0.1,0.775,0.0096,0.083,0.0005,0.05,0.05,0.471,0.07,0.0005,0.1,0.0054,31.4,0.02,110000,24000,27,8.8,84.71,321,7.82,2020-12-08,"2020","12","RZ-03"
20,7.6,3.64,1060,9.9,363.5,61.86,212.52,1.56,0.1,0.012,3.98,10.09,112.21,0.37,11.79,61.01,5.14,2.41,29,669,0.1,0.27,1.205,0.0103,0.21,0.0007,0.05,0.05,0.559,0.198,0.00052,0.1,0.0118,110.5,0.02,1100000,1100000,21,10.56,125.49,698,10.1,2020-12-09,"2020","12","RL-02"
20,6.9,7.24,435,31.5,182.91,20.45,114.72,0.52,0.32,0.022,2.37,4.81,41.14,0.79,3.39,66.46,23.33,0.72,50,290,0.1,0.1,9.62,0.0034,0.167,0.0005,0.05,0.05,2.371,0.105,0.0005,0.1,0.007,36.4,0.023,4600,2400,24,10.56,62.84,340,5.15,2020-12-09,"2020","12","RL-01"
22,8,5.73,1014,29,352,60.83,224.33,1.63,0.11,0.016,0.5,0.59,113.62,0.1,16.5,24.8,9.96,0.97,51,629,0.1,3,2.98,0.0181,0.246,0.00071,0.05,0.05,1.602,0.05,0.00054,0.1,0.0126,97,0.024,4600000,2400000,26,2,132.38,680,0.72,2020-12-09,"2020","12","CS-01"
12,7.1,4.43,748,5.9,298.45,36.8,117.1,0.37,0.1,0.01,27.95,30.19,43.03,4.2,22.2,72.65,5.14,4.89,14,370,0.1,0.61,0.98,0.0025,0.065,0.0018,0.05,0.05,0.517,0.266,0.0005,0.1,0.0112,59.3,0.094,11000000,11000000,22,13.86,75.2,384,30.2,2021-01-18,"2021","1","RZ-05"
13,7,9.63,443,2.9,135.24,23.02,120.63,0.4,9.29,0.157,0.92,2.52,22.68,0.23,2.88,11.6,5.14,2.11,7,316,0.1,0.31,0.995,0.0025,0.058,0.00076,0.05,0.05,0.332,0.05,0.0005,0.1,0.0078,32.2,0.038,1100000,1100000,23,3.07,77.8,316,11.97,2021-01-18,"2021","1","RZ-04"
14,7.1,9.21,553,14,227.25,28.91,147.89,0.48,0.18,0.051,6.77,10.22,41.1,0.41,12.93,67,5.14,2.01,64,326,0.3,0.7,2.395,0.0025,0.086,0.00126,0.05,0.05,2.107,0.489,0.0005,0.1,0.0112,43,0.041,1100000,460000,24,3.91,88.6,390,10.45,2021-01-18,"2021","1","RZ-03"
19,7,3.2,758,13,294.92,49.58,150.44,0.73,0.1,0.01,4.36,7.17,66.33,0.54,17.58,55.17,5.14,1.69,22,468,0.1,0.86,2.275,0.0025,0.122,0.00187,0.05,0.05,0.533,0.185,0.0005,0.1,0.0149,94.5,0.04,46000000,46000000,21,14.32,89.6,490,7.17,2021-01-19,"2021","1","RL-02"
18,8,7.01,1029,38,369.15,65.28,242.23,1.3,0.13,0.011,0.8,3.04,101.35,0.18,2.32,32.77,5.14,0.13,54,656,0.1,0.1,4.68,0.0025,0.241,0.00261,0.05,0.05,2.264,0.099,0.0005,0.1,0.0189,119.8,0.046,460000,460000,23,2,97.2,710,3.18,2021-01-19,"2021","1","RL-01"
19,8.2,8.52,993,37,361.07,64.03,229.48,1.23,0.1,0.01,1.38,2.12,89.93,0.1,2.42,36.97,5.14,0.52,50,646,0.1,0.1,4.54,0.0025,0.24,0.0021,0.05,0.05,2.146,0.057,0.0005,0.1,0.0175,115.6,0.048,11000000,11000000,26,2,86,696,2.22,2021-01-19,"2021","1","CS-01"
13,7.2,5.17,770,8.3,288.86,39.34,116.7,0.44,0.1,0.01,26.06,23.59,48.01,7.8,20.4,66.57,5.14,3.96,33,407,0.1,1.85,2.32,0.0025,0.093,0.0005,0.05,0.05,0.405,0.22,0.0005,0.1,0.0025,61.5,0.027,110000000,110000000,26,15.07,73.8,440,23.59,2021-02-08,"2021","2","RZ-05"
15,7,7.85,463,2.8,131.2,19.67,127.49,0.39,9.43,0.594,0.69,1.38,23.34,0.27,2.83,5,5.14,1.73,7,325,0.1,0.1,3.31,0.0025,0.078,0.0005,0.05,0.05,0.23,0.05,0.0005,0.1,0.0025,35.2,0.02,460000,240000,30,4.18,75.2,332,11.4,2021-02-08,"2021","2","RZ-04"
16,7,6.47,591,8.6,244.82,27.57,148.48,0.49,0.11,0.032,6.66,8.44,25.99,1.04,8.11,19.77,5.14,1.94,16,351,0.1,0.62,1.42,0.0025,0.086,0.0005,0.05,0.05,1.344,1.36,0.0005,0.1,0.0025,50.3,0.021,11000,4600,28,6.32,83.2,367,8.58,2021-02-08,"2021","2","RZ-03"
19,8,6.96,1034,31,371.68,65.37,238.9,1.42,0.12,0.01,0.5,0.5,106.55,0.1,1.96,31.82,5.14,0.57,32,686,0.1,0.72,5.9,0.0026,0.086,0.00054,0.05,0.05,1.735,0.077,0.0005,0.1,0.0093,117.1,0.028,1100,1100,22,2,141.6,718,0.12,2021-02-09,"2021","2","RL-01"
21,8.3,7.26,1002,40,365.11,64.75,239.29,1.35,0.1,0.01,0.5,1.95,103.63,0.1,2.46,28.63,5.14,0.55,63,663,0.1,0.86,7.4,0.0026,0.097,0.00063,0.05,0.05,2.588,0.064,0.0005,0.1,0.0092,116.5,0.028,11000,11000,26,2,138.4,726,1.95,2021-02-09,"2021","2","CS-01"
13,7.1,5.45,684,3.7,251.5,35.86,125.85,0.46,0.2,0.332,16.82,18.94,70.33,0.39,5.58,40.33,5.14,4.62,7,369,0.1,0.81,1.065,0.0025,0.073,0.00093,0.05,0.05,0.394,0.124,0.0005,0.1,0.0025,57.3,0.04,750,750,27,12.9,77.62,396,19.47,2021-03-25,"2021","3","RZ-05"
15,7.1,8.6,466,3.8,140.18,22.61,136.57,0.47,1.88,0.017,0.75,3.62,37.88,0.18,1.88,10.55,5.14,2.03,8,368,0.1,0.85,0.64,0.0025,0.076,0.0005,0.05,0.05,0.356,0.05,0.0005,0.1,0.0025,35.7,0.026,11000,11000,31,5.86,79,376,5.52,2021-03-25,"2021","3","RZ-04"
17,7,6.92,643,7.4,259.98,37.72,181.18,0.54,0.22,0.213,3.73,4.59,39.47,0.25,3.38,20.83,5.14,1.13,11,370,0.1,0.43,0.71,0.0025,0.12,0.0005,0.05,0.05,0.842,0.399,0.0005,0.1,0.0025,54.4,0.029,240,240,31,11.07,104.74,381,5.02,2021-03-25,"2021","3","RZ-03"
22,8.1,3.81,1090,17,382.12,66.9,254.89,1.25,0.16,0.01,0.5,1.43,110.02,0.1,1.74,39.62,5.14,0.51,19,687,0.1,0.1,2.415,0.0025,0.247,0.00055,0.05,0.05,1.307,0.071,0.0005,0.1,0.0054,128.4,0.027,4600,2400,27,2,141.29,706,1.59,2021-03-03,"2021","3","RL-01"
23,8.5,6.76,1040,36,377.12,64.17,237.7,1.32,0.1,0.01,0.5,1.72,108.67,0.1,2.83,43.52,19.19,0.5,67,672,0.1,0.1,4.06,0.0025,0.243,0.0006,0.05,0.05,2.719,0.077,0.0005,0.1,0.0068,124.4,0.023,110000,110000,31,2,137.31,739,1.72,2021-03-03,"2021","3","CS-01"
15,7.4,4.43,550,3.3,147.96,37.76,114.41,0.51,2.71,0.73,10.42,11.12,71.54,0.19,4.79,32,18.71,0.7,13,372,0.1,0.1,1.3,0.0025,0.077,0.00068,0.05,0.05,0.471,0.063,0.0005,0.1,0.0148,56.5,0.025,2100,2100,26,12.74,82.17,385,14.56,2021-04-22,"2021","4","RZ-05"
16,7.4,7.48,467,6.2,138.87,24.84,124.51,0.76,2.69,0.041,3.32,3.8,39.6,0.13,3.21,11.96,8.03,1.13,7,339,0.1,0.28,1.78,0.0025,0.113,0.00056,0.05,0.05,0.522,0.05,0.0005,0.1,0.015,36.3,0.02,11000,11000,28,11.07,84.35,339,6.53,2021-04-22,"2021","4","RZ-04"
18,7.4,2.22,633,5.05,239.37,44.12,155.78,0.43,0.1,0.057,12.23,8.95,26.76,0.12,2.38,23.52,5.14,1.39,7,375,0.1,0.24,1.03,0.0025,0.154,0.00109,0.05,0.05,0.696,0.43,0.0005,0.1,0.014,54,0.02,43,43,31,14.88,96.82,375,9.01,2021-04-22,"2021","4","RZ-03"
22,8.2,3.37,1146,24,392.28,74.56,247.66,1.34,0.1,0.023,0.5,3.57,120.21,0.1,2.47,47.45,5.14,0.43,31,732,0.1,0.22,3.15,0.0036,0.203,0.00331,0.05,0.05,1.188,0.068,0.0005,0.1,0.0206,127.5,0.022,23,23,24,2,141.57,763,3.59,2021-04-23,"2021","4","RL-01"
23,8.7,6.18,1082,60,375.25,72.41,246.68,1.63,0.1,0.017,0.5,3.92,118.18,0.1,4.58,54.75,8.32,0.46,94,700,0.1,0.15,6.02,0.0029,0.207,0.00177,0.05,0.05,3.317,0.07,0.0005,0.1,0.023,122.8,0.025,750,750,32,2,116.03,794,3.94,2021-04-23,"2021","4","CS-01"
19,6.7,6.29,514,2.9,153.65,32.49,108.77,0.32,1.08,0.246,2.15,3.96,65.89,0.27,5.97,47.78,10.51,1.52,8,365,0.1,0.1,0.224,0.0025,0.084,0.00072,0.05,0.05,0.424,0.098,0.0005,0.1,0.0067,53,0.028,23,23,23,13.91,70.88,373,5.29,2021-05-12,"2021","5","RZ-05"
19,6.9,6.69,447,4.4,126.92,22.25,114.21,0.31,9.51,0.03,0.64,4.13,39.09,0.15,3.99,24.65,5.14,1,15,329,0.1,0.57,0.77,0.0025,0.072,0.00144,0.05,0.05,0.61,0.05,0.0005,0.1,0.0057,34.1,0.02,4600,4600,26,8.08,72.86,344,13.67,2021-05-12,"2021","5","RZ-04"
22,6.9,5.51,710,4.2,247.3,60.87,156.36,0.39,0.15,0.026,5.82,9.2,30.34,0.2,3.27,31.44,13.81,1.68,10,448,0.1,0.1,0.268,0.0025,0.103,0.00169,0.05,0.05,0.71,0.569,0.0005,0.1,0.0061,73,0.02,1100,1100,31,10.62,97.02,458,9.38,2021-05-12,"2021","5","RZ-03"
23,8,6.2,1182,16,392.82,80.72,243.81,0.98,0.1,0.01,1.46,2.56,123.01,0.1,1.41,53.29,5.14,0.48,18,738,0.1,0.26,1.225,0.0025,0.37,0.00224,0.05,0.05,0.826,0.067,0.0005,0.1,0.0101,138.5,0.02,93,43,30,5.55,141.57,756,2.56,2021-05-18,"2021","5","RL-01"
25,8.7,6.1,1101,55,362.91,74.87,230.03,1.14,0.1,0.01,1.05,3.09,114.85,0.11,3.27,63.67,5.14,0.44,86,706,0.1,0.46,3.82,0.0025,0.396,0.00244,0.05,0.05,3.579,0.078,0.0005,0.1,0.0142,129.3,0.029,1100,1100,29,2,124.54,792,3.09,2021-05-18,"2021","5","CS-01"
20,6.7,6.28,451,4.4,126.86,30.08,102.88,0.27,2.96,0.184,0.5,2.39,42.65,0.15,2.73,25.21,14.35,1.41,7,323,0.1,0.38,0.83,0.0025,0.132,0.0005,0.05,0.05,0.464,0.051,0.0005,0.1,0.0025,41.4,0.02,150000,150000,27,10.19,85.14,323,5.53,2021-06-09,"2021","6","RZ-05"
21,7,6.91,356,13,123.38,18.81,108.51,0.43,2.71,0.048,0.5,1.8,26.8,0.11,2.77,23.52,7.64,0.77,18,243,0.1,0.68,1.61,0.0025,0.145,0.0005,0.05,0.05,0.94,0.075,0.0005,0.1,0.0025,23.3,0.02,1100000,460000,29,8.23,87.12,261,4.56,2021-06-09,"2021","6","RZ-04"
24,6.8,5.9,487,19,184.07,32.2,125.4,0.44,0.44,0.271,3.26,4.66,29.16,0.1,4.7,22.46,8.47,0.99,25,310,0.1,0.1,1.365,0.0025,0.142,0.00059,0.05,0.05,1.448,0.139,0.0005,0.1,0.0032,42,0.02,460000,460000,29,9.16,86.72,335,5.37,2021-06-09,"2021","6","RZ-03"
23,8.5,2.9,1179,19,382.35,80.1,239.74,1.25,0.1,0.01,1.34,3.2,133.64,0.1,2.03,45.37,5.14,0.46,13,747,0.1,0.38,1.295,0.0025,0.164,0.00168,0.05,0.05,0.963,0.055,0.0005,0.1,0.0107,135.3,0.02,110000,2400,21,2,133.06,760,3.2,2021-06-04,"2021","6","RL-01"
22,8.6,5.77,1114,70,363.9,80.53,5.04,1.15,0.1,0.01,0.99,3.49,135.15,0.1,5.04,67.6,5.14,0.46,102,711,0.1,0.26,4.07,0.0025,0.176,0.0022,0.05,0.05,3.67,0.088,0.0005,0.1,0.0141,130,0.036,110000,110000,23,2,126.72,813,3.49,2021-06-04,"2021","6","CS-01"
16,6.8,7.84,162,1500,62.27,7.35,59.92,0.44,5.01,0.091,0.5,4.95,30.36,0.1,8.22,136.69,10.88,1.09,1109.52,404.48,0.6,0.1,32.4,0.0025,0.378,0.0005,0.05,0.05,44.597,1.342,0.0005,0.1,0.0374,10,0.089,110000,110000,22,13.56,41.98,1514,10.05,2021-07-12,"2021","7","RZ-05"
17,6.9,7.59,150,2200,60.39,11.41,73.3,0.42,5.21,0.094,0.5,8.91,26.53,0.1,14.28,252.21,8.53,1.04,2315.79,284.21,3,0.1,44.7,0.003,0.992,0.0005,0.066,0.074,73.144,2.343,0.0005,0.1,0.0672,10,0.177,110000,46000,24,15.15,29.7,2600,14.21,2021-07-12,"2021","7","RZ-04"
20,7.2,4.7,256,1600,73.26,16.03,108.79,0.57,3.25,0.592,0.5,11.3,37.86,0.1,25.44,414.95,13.71,1.29,2542.1,280.9,9.5,0.1,44.9,0.0049,0.872,0.0005,0.087,0.071,65.119,2.516,0.00088,0.1,0.0652,14.1,0.321,460000,460000,25,17.3,53.46,2823,15.14,2021-07-12,"2021","7","RZ-03"
20,6.8,4.4,227,1000,80.78,17.44,74.27,0.52,3.63,0.224,0.81,3.96,33.48,0.1,3.6,79.62,5.14,1.02,800,319,0.1,0.1,30.9,0.0025,0.257,0.0005,0.287,0.05,34.231,0.569,0.0005,0.1,0.0266,12.2,0.068,240000,240000,26,13.65,38.61,1119,7.81,2021-07-12,"2021","7","RZ-02"
22,6.6,5.23,486,750,115.33,32.39,138.46,1.22,4.93,0.672,4.78,8.62,91.31,0.1,17.04,142.92,6.06,1.21,1415,300,0.4,0.1,32.3,0.0025,0.84,0.0005,0.05,0.05,33.563,0.904,0.0005,0.1,0.0316,42.3,0.116,110000,46000,22,16.83,61.18,1715,14.22,2021-07-12,"2021","7","RL-02"
23,6.5,4.75,432,850,124.74,27.44,131.09,1.27,5.19,0.152,3.61,8.04,68.41,0.1,14.04,145.17,6.11,1.21,1542.1,364.9,0.7,0.1,32.97,0.0093,0.86,0.0005,0.05,0.05,27.21,1.065,0.0005,0.1,0.0346,37.2,0.123,15000,15000,29,12.34,38.41,1907,13.38,2021-07-12,"2021","7","RL-01"
21,6.2,2.33,376,850,123.75,27.02,115.58,0.71,3.72,0.312,1.8,8.68,65.16,0.1,9.96,178.2,38.65,1.7,1415.79,255.21,1.6,0.1,31.1,0.0121,0.72,0.0005,0.05,0.05,33.396,0.824,0.0005,0.1,0.0304,25.5,0.131,110000,110000,29,18.61,57.42,1671,12.71,2021-07-12,"2021","7","CS-01"
19,7.7,6.77,259,1100,83.72,13.06,94.77,0.48,3.39,0.329,2.4,4.34,21.78,0.1,4.59,91.25,5.61,0.3,964,425,0.4,0.1,27.5,0.0025,0.49,0.002,0.05,0.05,44.964,1.085,0.0005,0.1,0.0422,15.1,0.075,110000000,110000000,25,13.84,63.68,1389,8.06,2021-08-17,"2021","8","RZ-05"
20,7.8,7.15,248,290,83.53,11.53,96.16,0.39,2.71,0.12,1.43,3.26,10,0.1,8.04,65.68,7.5,0.33,203.33,323.67,0.5,0.1,34.375,0.0039,0.189,0.0017,0.05,0.05,15.711,0.333,0.0005,0.1,0.0177,10.5,0.043,110000,110000,27,11.13,47.76,527,6.09,2021-08-17,"2021","8","RZ-04"
21,7.5,5.15,243,650,86.48,10.38,112.85,0.51,4.84,0.163,1.26,5.03,10,0.1,8.55,105.11,7.83,0.95,929.41,234.59,0.7,0.1,47,0.0035,0.494,0.00139,0.05,0.05,36.346,0.99,0.0005,0.1,0.0271,11.3,0.101,110000,110000,28,11.97,56.71,1164,10.03,2021-08-17,"2021","8","RZ-03"
20,7.2,3.97,196,1200,77.03,9.52,81.46,0.55,4.08,0.2,1.37,4.97,10,0.1,4.71,88.4,9.28,0.57,860,364,0.1,0.1,34.75,0.0034,0.404,0.00134,0.05,0.05,48.658,0.634,0.0005,0.1,0.0408,10,0.133,46000,46000,31,12.62,41.39,1224,9.25,2021-08-17,"2021","8","RZ-02"
22,7.3,5.12,393,750,16.83,24.02,109.27,1.14,4.36,0.369,3.54,8.05,54.56,0.1,8.01,127.4,11.48,1.38,1207.41,311.59,0.2,0.1,33,0.0025,0.712,0.00194,0.05,0.05,30.894,0.658,0.0005,0.1,0.0354,35.8,0.191,390000,390000,20,16.83,74.62,1519,12.78,2021-08-17,"2021","8","RL-02"
23,7.4,6.13,382,550,121.35,23.02,108.48,0.89,4.26,0.26,3.14,6.74,54.79,0.1,10.23,121.11,5.14,1.06,564,685,0.2,0.1,39,0.0029,0.68,0.00166,0.05,0.05,23.537,0.596,0.0005,0.1,0.029,33.2,0.137,46000,46000,22,14.77,72.63,1249,11.26,2021-08-17,"2021","8","RL-01"
21,7.4,6.1,290,350,101.65,16.22,95.76,0.38,0.96,0.272,2.28,3.2,12.77,0.1,6.03,70.36,5.14,0.89,216.67,357.33,0.2,0.1,11.7,0.003,0.206,0.00158,0.05,0.05,16.942,0.273,0.0005,0.1,0.0172,16.6,0.046,460000,460000,23,14.31,54.13,574,4.43,2021-08-17,"2021","8","CS-01"
19,7,6.88,259,40,88.9,13.79,65.47,0.51,3.85,0.073,0.86,3.06,22.01,0.11,6.09,48.37,5.14,0.42,42,190,0.3,0.1,2.11,0.0025,0.121,0.0005,0.05,0.05,2.907,0.086,0.0005,0.1,0.0047,10.5,0.02,2300000,2300000,24,8.37,48.02,232,6.99,2021-09-29,"2021","9","RZ-05"
19,7.1,7.9,225,130,84.74,9.69,75.83,0.48,5.22,0.081,0.81,2.08,10,0.1,1.71,32.39,5.14,0.36,106,198,0.2,0.1,6.74,0.0025,0.104,0.0005,0.05,0.05,7.371,0.174,0.0005,0.1,0.0072,10,0.02,150000,150000,26,6.51,50.96,304,7.38,2021-09-29,"2021","9","RZ-04"
19,6.7,7.05,256,240,110.88,9.88,80.33,0.5,4.24,0.074,0.92,1.96,10,0.1,2.73,39.02,5.14,0.65,212.5,220.5,0.2,0.1,9.74,0.0025,0.117,0.0005,0.05,0.05,11.92,0.309,0.0005,0.1,0.0096,10,0.02,460000,460000,26,18.13,59,433,6.27,2021-09-29,"2021","9","RZ-03"
20,6.4,6.47,239,600,101.77,13.5,82.08,0.61,0.28,0.056,0.58,3.17,10.05,0.1,3.24,78.17,5.14,1.16,745,205,0.6,0.1,28.3,0.0037,0.213,0.0005,0.05,0.05,24.854,0.718,0.0005,0.1,0.0216,10,0.058,110000,110000,30,12.55,47.43,950,3.51,2021-09-29,"2021","9","RZ-02"
22,7.2,3.83,443,250,125.33,30.72,97.13,0.61,1.29,0.472,4.63,7.43,54.79,0.1,23.34,86.68,5.14,1.35,451.51,320.49,0.2,0.1,29.25,0.0087,0.183,0.0005,0.05,0.05,13.425,0.354,0.0005,0.1,0.0158,40.8,0.079,46000,24000,22,16,66.84,772,9.19,2021-09-07,"2021","9","RL-02"
22,7.1,2.14,400,250,112.96,23.64,97.33,0.57,1.4,0.405,3.08,5.6,55.67,0.1,24.36,73.1,5.14,1.07,443.75,236.25,0.1,0.1,5.88,0.0025,0.201,0.0005,0.05,0.05,13.132,0.324,0.0005,0.1,0.0137,35.4,0.067,110000,110000,23,11.53,62.72,680,7.41,2021-09-07,"2021","9","RL-01"
20,6.9,4.2,188,650,86.62,13.16,64.49,0.37,2.12,0.155,2.06,3.54,39.12,0.1,7.86,79.54,5.14,0.9,465.52,283.48,0.3,0.1,7.76,0.0025,0.145,0.0005,0.05,0.05,22.306,0.319,0.0005,0.1,0.0175,10,0.06,46000,24000,27,12.83,30.58,749,5.82,2021-09-07,"2021","9","CS-01"
18,7.2,4.07,293,5.6,114.75,15.4,55.85,0.32,6.7,0.488,2.13,3.69,19.4,0.15,3.55,13.77,5.14,0.66,8,212,0.1,0.1,0.655,0.003,0.105,0.0005,0.05,0.05,0.859,0.071,0.0005,0.1,0.0025,17.6,0.02,1100,460,30,5.42,54.37,220,10.88,2021-10-19,"2021","10","RZ-05"
18,7.3,4.25,241,28,105.2,11.07,70.8,0.33,0.89,0.05,1.21,2.65,10,0.1,5.61,27.16,7.92,0.32,35,189,0.2,0.16,1.515,0.0025,0.116,0.0005,0.05,0.05,2.99,0.126,0.0005,0.1,0.0027,12.1,0.065,460000,240000,34,5.61,53.58,224,3.59,2021-10-19,"2021","10","RZ-04"
20,7.2,4.31,278,38,116.72,12.72,83.58,0.35,6.28,0.517,1.21,2.36,10,0.1,3.2,16.7,7.34,0.34,39,230,0.2,0.1,2.06,0.0025,0.114,0.0005,0.05,0.05,2.905,0.092,0.0005,0.1,0.0036,12.3,0.02,110000,110000,35,12.15,55.16,269,9.16,2021-10-19,"2021","10","RZ-03"
22,7.1,4.51,329,65,140.66,15.98,105.02,0.3,6.28,0.04,1.38,2.71,10,0.1,5.67,23.02,5.14,0.83,96,229,0.3,0.14,2.67,0.0025,0.14,0.0005,0.05,0.05,5.196,0.217,0.0005,0.1,0.0065,19.2,0.02,46000,46000,37,6.73,63.04,325,9.03,2021-10-19,"2021","10","RZ-02"
22,7.7,3.3,469,90,149.72,30.3,102.66,0.7,7.08,0.01,1.5,4.15,56.75,0.11,7.38,43.59,5.14,1.2,202.13,310.87,0.2,0.1,5.9,0.0136,0.241,0.00056,0.05,0.05,5.366,0.237,0.0005,0.1,0.0094,50.6,0.048,15000,15000,27,9.16,72.89,513,11.23,2021-10-21,"2021","10","RL-02"
22,7.9,3.6,487,95,148.83,29.97,103.05,0.59,6.79,0.01,2.19,2.83,55.13,0.13,6.99,39.03,5.14,1.27,192.5,314.5,0.2,0.12,6.5,0.0124,0.23,0.00055,0.05,0.05,6.044,0.244,0.0005,0.1,0.0092,49.3,0.123,11000,11000,23,7.76,73.28,507,9.62,2021-10-21,"2021","10","RL-01"
22,7.1,1.7,360,18,145.58,20.01,86.53,0.38,0.7,0.469,2.77,3.34,10,0.2,3.86,21.15,5.14,0.64,23,207,0.1,0.1,0.915,0.003,0.169,0.0005,0.05,0.05,1.379,0.241,0.0005,0.1,0.0025,21.2,0.02,110000,110000,27,7.57,63.04,230,4.51,2021-10-21,"2021","10","CS-01"
15,6.9,7.37,425,2.3,117.9,28.22,87.45,0.33,0.91,0.29,1.5,2.48,35.57,0.1,2.42,12.25,5.14,0.42,7,277,0.1,0.1,0.223,0.0025,0.124,0.0005,0.05,0.068,0.305,0.5,0.0005,0.1,0.0029,38.6,0.02,15000,9300,24,11.37,66.26,277,3.68,2021-11-30,"2021","11","RZ-05"
15,7,8.18,352,8.4,144.5,17.77,96.21,0.33,1.43,0.068,1.56,2.54,21.34,0.1,3.09,19.51,5.14,0.3,7,231,0.1,0.1,0.171,0.0028,0.131,0.0005,0.05,0.05,0.989,0.05,0.0005,0.1,0.0025,21.6,0.02,46000,24000,27,10.62,66.05,231,4.04,2021-11-30,"2021","11","RZ-04"
15,6.7,6.72,406,2.4,149.23,18.99,110.89,0.38,1.24,0.218,2.08,2.54,23.9,0.1,2.79,15.22,5.14,0.48,9,261,0.1,0.1,0.386,0.0025,0.132,0.0005,0.05,0.05,0.316,0.05,0.0005,0.1,0.0025,26.9,0.02,11000,11000,25,12.03,74.34,270,4,2021-11-30,"2021","11","RZ-03"
18,6.8,5.17,665,18,213.15,65.22,131.48,0.35,1.24,0.181,4.96,6.52,25.77,0.1,2.45,28.29,5.14,0.84,24,374,0.1,0.1,1.12,0.0025,0.148,0.0005,0.05,0.05,1.202,0.194,0.0005,0.1,0.0041,61,0.02,46000,46000,29,15.04,88.48,398,7.94,2021-11-30,"2021","11","RZ-02"
18,7.8,6.51,494,65,148.73,29.48,91.32,0.5,0.79,0.02,2.71,3.86,67.2,0.1,4.05,41.09,5.14,1.21,133,312,0.1,0.1,7.22,0.0104,0.206,0.0005,0.05,0.05,3.999,0.122,0.0005,0.1,0.0082,53.3,1.557,15000,9300,18,10.34,73.33,445,6.59,2021-11-24,"2021","11","RL-02"
19,7.7,6.36,493,65,150.21,28.99,92.34,0.57,1.36,0.012,6.34,14.65,64.77,0.1,4.23,31.96,5.14,1.1,101,348,0.1,0.12,7.6,0.0114,0.189,0.0005,0.05,0.05,4.093,0.131,0.0005,0.1,0.0081,52.2,0.031,93000,43000,20,13.82,70.5,449,21,2021-11-24,"2021","11","RL-01"
20,7.3,2.59,795,6.8,289.63,51.24,146.97,0.82,0.1,0.01,4.33,5.42,70.6,0.3,10.92,42.73,5.14,0.93,11,507,0.1,3.34,0.84,0.016,0.178,0.0005,0.05,0.05,0.509,0.259,0.0005,0.1,0.0051,92.4,0.028,460000,460000,25,22.37,99.99,518,9.75,2021-11-24,"2021","11","CS-01"
15,7.3,3.97,449,1.9,127.21,23.41,101.98,0.3,0.1,0.142,1.44,3.23,34.29,0.16,2.15,27.71,5.14,0.51,7,310,0.1,0.12,0.1666,0.0025,0.0474,0.0005,0.05,0.05,0.244,0.5,0.0005,0.1,0.0025,43.3,0.034,460,460,23,8.88,66.92,310,3.37,2021-12-13,"2021","12","RZ-05"
14,6.1,4.78,368,5.75,146.12,21.22,112.87,0.6,0.58,0.091,1.56,3.81,19.64,0.13,1.85,23.8,5.14,0.3,7,248,0.1,0.1,0.1494,0.0025,0.047,0.0005,0.05,0.05,0.713,0.05,0.0005,0.1,0.0025,26.9,0.02,460,460,29,6.92,64.75,255,4.48,2021-12-13,"2021","12","RZ-04"
16,7.6,3.21,425,4.1,178.3,20.79,102.97,0.55,1.16,0.087,4.84,46.55,21.86,0.1,2.55,21.7,5.14,0.55,13,274,0.1,0.1,0.3949,0.0025,0.0448,0.0005,0.05,0.05,0.407,0.05,0.0005,0.1,0.0025,30,0.02,4300,4300,31,7.39,77.42,287,47.8,2021-12-13,"2021","12","RZ-03"
19,7.7,6.21,680,11.5,245.32,70.47,159.41,0.56,0.18,0.01,4.84,22.96,25.49,0.24,11.79,70.56,5.14,1.59,22.45,433.55,0.1,0.76,0.63,0.0025,0.081,0.0005,0.05,0.05,0.91,0.519,0.0005,0.1,0.0025,75.1,0.02,240000,240000,29,11.97,87.32,456,23.14,2021-12-13,"2021","12","RZ-02"
19,7.9,5.77,509,50,153.66,29.92,94.38,0.69,1.11,0.01,0.92,1.96,49.07,0.1,3.11,30.32,5.14,1.29,79,348,0.1,0.1,7.48,0.0077,0.149,0.0005,0.05,0.05,2.997,0.092,0.0005,0.1,0.0079,52.5,0.02,46000,24000,25,5.36,72.32,427,3.07,2021-12-01,"2021","12","RL-02"
19,8,5.21,497,45,152.48,29.29,97.64,0.53,1.11,0.01,1.61,2.02,42.36,0.1,3.14,26.03,5.14,1.14,72,329,0.1,0.39,4.84,0.007,0.173,0.0005,0.05,0.05,2.789,0.097,0.0005,0.1,0.0066,51,0.02,7500,4300,25,8.84,70.9,401,3.13,2021-12-01,"2021","12","RL-01"
21,7.9,3,862,29,287.63,56.43,161.03,0.9,0.1,0.01,1.04,2.65,95.61,0.1,2.52,22.36,5.14,0.64,13,555,0.1,0.1,2.29,0.0223,0.243,0.0005,0.05,0.05,1.58,0.061,0.0005,0.1,0.0085,103.6,0.02,46000,46000,27,9.59,99.18,568,2.65,2021-12-01,"2021","12","CS-01"
14,7.8,7.47,448,1.3,111.82,27.19,99.97,0.74,6.9,0.17,0.57,2.96,30.5,0.26,2.12,44.254,5.14,0.76,7,326,0.1,0.1,0.0762,0.0025,0.0366,0.00071,0.05,0.05,0.098,0.05,0.0005,0.1,0.0044,43.6,0.02,930,930,26,10.15,67.66,326,10.03,2022-01-19,"2022","1","RZ-05"
13,8,8.38,416,2.3,135.79,21.84,116.66,0.48,5.75,0.056,0.5,2.27,22.11,0.24,1.47,8.985,5.14,0.45,8,288,0.1,0.1,0.139,0.0025,0.039,0.00063,0.05,0.05,0.246,0.05,0.0005,0.1,0.0037,32.3,0.02,2400,2400,27,9.15,74.63,296,8.08,2022-01-19,"2022","1","RZ-04"
14,8,5.88,664,7.1,266.94,36.4,186.22,0.56,0.1,0.059,6.76,10.12,50.47,0.93,17.46,32.362,5.14,1.9,24,402,0.1,0.1,0.309,0.0037,0.077,0.00095,0.05,0.05,1.309,7.238,0.0005,0.1,0.0053,53.1,0.02,930000,930000,25,18.31,122.58,426,10.28,2022-01-19,"2022","1","RZ-03"
16,8.1,8.19,1132,9.9,366.41,139.81,230.94,0.58,0.28,0.369,2.9,7.56,10,0.29,12.69,83.485,5.16,2.65,28,709,0.1,0.1,0.154,0.0057,0.089,0.0005,0.05,0.05,0.504,0.342,0.0005,0.1,0.0055,125,0.02,4300,2300,27,15.42,131.14,737,8.21,2022-01-19,"2022","1","RZ-02"
18,8.4,9.9,654,17,185.95,37.46,149.65,0.9,1.88,0.491,1.65,4.04,89.86,0.17,7.29,36.349,5.14,1.86,38,410,0.1,0.1,1.46,0.0076,0.095,0.0005,0.05,0.05,0.788,0.067,0.0005,0.1,0.0076,70.9,0.02,21000,21000,20,3.98,90.94,448,6.41,2022-01-06,"2022","1","RL-02"
19,7.7,4.82,685,11,189.57,41.99,157.6,0.88,2.64,0.416,1.76,3.13,84.47,0.21,3.52,19.84,5.14,1.44,16,433,0.1,0.1,0.96,0.0079,0.094,0.0005,0.05,0.05,0.529,0.05,0.0005,0.1,0.0078,76,0.058,930,930,22,6.17,92.54,449,6.19,2022-01-06,"2022","1","RL-01"
21,8,3.9,882,23,270.5,59.69,184.23,1.36,0.2,0.053,1.76,3.69,85.77,0.16,2.33,28.402,5.14,0.62,14,556,0.1,0.15,1.95,0.0134,0.127,0.0005,0.05,0.05,1.316,0.052,0.0005,0.1,0.0096,106,0.02,24000,24000,24,5.37,95.92,570,3.94,2022-01-06,"2022","1","CS-01"
14,7.6,7.94,458,1,131.14,28.06,101.45,0.43,4.12,0.051,2.16,2.38,53.9,0.18,1.59,7.732,5.14,1.27,7,344,0.1,0.1,0.105,0.0025,0.0298,0.0005,0.05,0.05,0.114,0.05,0.0005,0.1,0.0037,49.8,0.02,210,210,25,9.11,68.85,344,6.55,2022-02-04,"2022","2","RZ-05"
14,7.8,8.66,438,2.2,155.19,24.39,131.63,0.42,4.16,0.484,1.44,3.33,28.12,0.18,1.8,8.461,5.14,1.42,7,315,0.1,0.1,0.193,0.0025,0.0416,0.0005,0.05,0.05,0.303,0.05,0.0005,0.1,0.0026,37,0.02,7500,7500,28,8.62,75.62,315,7.97,2022-02-04,"2022","2","RZ-04"
18,7.4,6.2,611,3.7,250.03,38.62,181.27,0.51,0.45,0.411,1.11,4.38,32,0.23,4.35,22.34,5.14,1.47,13,405,0.1,0.1,0.22,0.0025,0.0478,0.0005,0.05,0.05,0.432,1.248,0.0005,0.1,0.0025,60.6,0.02,240,93,24,8.33,104.28,418,5.24,2022-02-04,"2022","2","RZ-03"
18,7.2,5.74,1088,4.3,374,130.75,238.25,0.6,0.17,0.292,1.66,5.6,10,0.17,9.21,60.468,7.02,2.1,21,710,0.1,0.1,0.211,0.0025,0.08,0.0005,0.05,0.05,0.41,0.252,0.0005,0.1,0.004,122.9,0.02,460,460,29,18.52,140.49,731,6.06,2022-02-04,"2022","2","RZ-02"
19,7.7,1,870,12,297.8,54.14,155.02,0.69,0.1,0.032,6.25,13.13,110.09,0.44,26.4,94.127,5.14,3.21,44,543,0.1,1.06,0.31,0.0064,0.093,0.0005,0.05,0.05,0.233,0.268,0.0005,0.1,0.0086,108.3,0.02,240000,240000,15,18.62,96.51,587,13.16,2022-02-03,"2022","2","RL-02"
19,7.7,2.7,816,34,268.92,54.19,174.69,0.9,0.53,0.058,1.53,2.96,98.05,0.13,3.33,23.796,5.14,1.17,28,541,0.1,0.23,3.35,0.0121,0.127,0.0005,0.05,0.05,2.227,0.218,0.0005,0.1,0.0077,93.4,0.021,43000,23000,17,14.99,103.48,569,3.55,2022-02-03,"2022","2","RL-01"
20,8.6,5.9,883,45,296.81,58.38,186.82,1.17,0.29,0.031,1.65,3.01,91.15,0.21,4.95,48.744,5.14,0.64,63,574,0.1,0.23,3.8,0.019,0.136,0.0005,0.05,0.05,2.71,0.071,0.0005,0.1,0.0081,105.2,0.02,210000,210000,21,2,98.5,637,3.33,2022-02-03,"2022","2","CS-01"
14,7.6,3.51,680,3,187.26,32.74,119.05,0.34,2.7,0.988,7.39,8.74,52.13,0.18,3.32,23.316,5.52,1.66,10,377,0.1,0.1,0.3909,0.0027,0.364,0.0005,0.05,0.05,0.391,0.061,0.0005,0.1,0.0025,58.3,0.02,4600,2400,23,13.93,76.44,387,12.43,2022-03-24,"2022","3","RZ-05"
15,8.7,4.72,501,2,173.97,22.61,120.43,0.36,2.16,0.049,0.62,2.35,29.79,0.17,1.3,5,5.14,1.13,7,317,0.1,0.5,0.2252,0.0025,0.0338,0.0005,0.05,0.05,0.276,0.05,0.0005,0.1,0.0025,38.9,0.02,11000,11000,31,10.94,77.62,317,4.56,2022-03-24,"2022","3","RZ-04"
22,8.7,3.83,889,12,284.48,60.94,171.99,0.94,0.1,0.636,5.82,7.06,117.35,0.5,13.77,69.939,9.82,1.99,29,576,0.1,0.56,0.1204,0.0078,0.095,0.0005,0.05,0.05,0.092,0.114,0.0005,0.1,0.0025,111.9,0.02,1500000,750000,28,5.77,111.5,605,7.7,2022-03-15,"2022","3","RL-02"
23,8.7,5.5,922,16,295.91,60.6,191.86,0.97,0.1,0.021,3.19,5.49,94.59,0.32,3.33,33.619,5.14,0.98,15,588,0.1,0.48,1.7936,0.0193,0.138,0.0005,0.05,0.05,0.878,0.114,0.0005,0.1,0.0025,111.2,0.089,2400,2400,26,6.47,108.35,603,5.51,2022-03-15,"2022","3","RL-01"
22,9.3,5.19,911,50,297.9,61.52,192.84,1.26,0.1,0.021,3.3,4.7,97.38,0.34,3.39,37.774,5.14,0.68,63.41,594.59,0.1,1.61,1.0805,0.0198,0.032,0.0005,0.05,0.05,3.224,0.073,0.0005,0.1,0.003,109.1,0.02,75000,75000,25,2,111.9,658,4.72,2022-03-15,"2022","3","CS-01"
15,7.7,8.06,514,3,170.5,20.39,127.12,0.2,3.9,0.037,1.01,2.3,24.41,0.1,1.65,13.085,5.14,1.21,8,319,0.1,0.68,0.2465,0.0025,0.0365,0.0005,0.05,0.05,0.281,0.05,0.0005,0.1,0.0025,39.7,0.02,1500,1500,21,6.24,78.6,327,6.24,2022-04-05,"2022","4","RZ-05"
15,8,7.83,448,1.7,139.2,29.55,106.85,1.26,3.93,0.029,0.9,2.74,43.51,0.1,1.65,10.804,5.14,1.26,7,352,0.1,0.6,0.1035,0.0025,0.0355,0.0005,0.05,0.05,0.12,0.05,0.0005,0.1,0.0025,54.7,0.02,4600,4600,25,6.53,75.06,352,6.7,2022-04-05,"2022","4","RZ-04"
24,8.4,5.87,914,23,313.87,62.77,209.55,0.74,0.12,0.03,1.01,2.86,94.29,0.1,3.17,36.727,5.14,0.79,20,619,0.1,0.36,2.495,0.0179,0.144,0.0005,0.05,0.05,1.303,0.071,0.0005,0.1,0.0031,111.5,0.02,750,430,25,2,113.93,639,3.01,2022-04-06,"2022","4","RL-01"
24,8.7,6.18,905,70,307.38,61.86,208.14,0.87,0.1,0.01,0.73,4.2,92.11,0.1,5.61,28.379,5.14,0.72,78,618,0.1,1.04,6.36,0.0178,0.156,0.0005,0.05,0.05,3.529,0.084,0.0005,0.1,0.0048,109.5,0.02,93000,93000,30,2,113.52,696,4.2,2022-04-06,"2022","4","CS-01"
17,7.7,6.71,520,1,144.18,31.97,215.85,0.5,4.38,0.018,1.63,1.98,48.12,0.4,2.62,12.767,5.14,2.15,7,350,0.1,0.1,0.084,0.0025,0.029,0.0005,0.05,0.05,0.109,0.05,0.0005,0.1,0.0032,55.1,0.02,1500,1500,32,5.81,130.94,350,6.38,2022-05-04,"2022","5","RZ-05"
17,7.7,7.47,465,2.3,166.76,23.38,181.03,0.37,4.37,0.028,1.34,2.33,24.39,0.36,2.11,7.18,5.14,2.12,7,311,0.1,0.1,0.147,0.0025,0.032,0.0005,0.05,0.05,0.244,0.05,0.0005,0.1,0.0025,37.1,0.02,11000,11000,32,7.68,93.53,311,6.73,2022-05-04,"2022","5","RZ-04"
21,8,7.84,830,11,328.68,66.53,226.39,0.5,0.23,0.147,1.98,5.53,10,0.45,16.41,52.7,5.14,1.3,29.33,521.67,0.1,0.1,0.177,0.0025,0.094,0.0005,0.05,0.05,0.89,0.54,0.0005,0.1,0.0025,82.3,0.02,1100,1100,32,8.57,141.09,551,5.91,2022-05-04,"2022","5","RZ-03"
24,8.3,3.41,835,20,322.7,64.51,212.67,1.22,0.57,0.102,0.95,1.85,103.65,0.42,1.76,29.299,5.64,0.91,16,623,0.1,0.1,1.63,0.0258,0.15,0.0005,0.05,0.05,0.95,0.074,0.0005,0.1,0.0071,118.3,0.064,46000,24000,29,2,117.21,639,2.52,2022-05-03,"2022","5","RL-01"
25,8.7,4.91,818,75,321.71,65.81,210.88,1.35,0.3,0.038,1.06,2.13,100.45,0.46,4.59,31.731,5.14,0.73,86,610,0.1,0.1,5.58,0.0247,0.157,0.00052,0.05,0.05,3.491,0.083,0.00091,0.1,0.0062,114.6,0.03,110000,46000,32,2,115.42,696,2.47,2022-05-03,"2022","5","CS-01"
16,7.1,6.02,205,2700,105.53,21.76,83.36,0.62,3.31,0.494,1.38,8.25,29.53,0.41,19.08,93.258,5.41,2.55,2110,588.09,0.5,0.1,89.6,0.0065,0.47,0.0005,0.062,0.05,83.732,2.549,0.0005,0.1,0.0491,10,0.146,2400000,2400000,23,18.71,33.83,2698,12.05,2022-06-07,"2022","6","RZ-05"
17,7.5,7.07,280,1300,127.71,18.7,92.51,0.62,3.25,0.967,2.48,8.3,30.99,0.65,22.08,94.474,6.57,1.8,940.91,558.09,1.5,0.1,50.6,0.0053,0.26,0.0005,0.05,0.05,48.801,1.447,0.0005,0.1,0.0229,14.4,0.112,460000,460000,25,20.29,45.77,1499,12.52,2022-06-07,"2022","6","RZ-04"
21,7.2,2.72,400,240,141.57,25.11,126.53,0.53,0.75,1.102,2.59,5.25,35.6,0.75,10.68,32.816,5.86,1.19,277.27,282.73,0.1,0.1,17,0.0025,0.102,0.0005,0.05,0.05,0.287,0.535,0.0005,0.1,0.0052,25.5,0.044,1500000,1500000,28,17.72,54.72,560,7.1,2022-06-07,"2022","6","RZ-03"
25,7.5,6.08,964,4.7,342.97,68.53,216.65,1,0.17,0.011,1.04,4.21,56.79,0.26,2.36,22.824,6.5,0.64,10,644,0.1,0.1,0.296,0.0241,0.14,0.0005,0.05,0.05,0.14,0.071,0.0005,0.1,0.0053,117.4,0.02,4600,4600,26,7.92,122.78,654,4.39,2022-06-07,"2022","6","RL-01"
27,8.2,3.72,967,65,354.43,70.37,227.19,1.11,0.22,0.011,0.92,3.52,67.77,0.32,5.23,36.595,5.14,0.77,97,654,0.1,0.1,5.7,0.0336,0.165,0.00056,0.05,0.05,3.481,0.082,0.0005,0.1,0.0117,116.6,0.02,110000,46000,31,2,126.56,751,3.75,2022-06-07,"2022","6","CS-01"
19,7,5.98,234,700,115.63,9.25,101.03,0.46,2.61,0.601,3.14,13.28,33.7,0.79,20.94,84.998,37.65,2.14,713.33,244.67,1.7,0.1,34.8,0.0025,0.236,0.0005,0.05,0.05,30.915,0.712,0.0005,0.1,0.0149,10,0.382,4600000,4600000,27,26.73,61.38,958,16.49,2022-07-04,"2022","7","RZ-05"
19,7.1,6.98,236,1200,158.2,15.26,93.29,0.49,0.95,0.341,0.99,4.83,33,0.47,13.56,91.644,35.87,2.47,1038.89,251.11,2,0.1,47.4,0.0025,0.272,0.0005,0.05,0.05,46.146,1.471,0.0005,0.1,0.0209,13.2,0.637,1100000,460000,28,26.43,43.56,1290,6.12,2022-07-04,"2022","7","RZ-04"
20,6.6,3.73,226,1300,116.32,13.5,95.87,0.46,2.96,0.993,0.76,5.36,33.99,0.47,18.06,96.417,35.29,1.39,1300,234,2.5,0.1,53.2,0.0025,0.282,0.0005,0.05,0.05,50.781,1.431,0.0005,0.1,0.0221,10.1,0.378,1100000,1100000,28,27.62,50.29,1534,9.31,2022-07-04,"2022","7","RZ-03"
25,7.3,5.17,379,20,152.95,18,91.3,0.56,0.16,0.039,1.28,2.68,30.63,0.39,10.8,23.219,21.65,1.31,20,268,0.1,0.63,2.035,0.0025,0.078,0.0005,0.05,0.05,1.446,0.192,0.0005,0.1,0.0025,33.8,0.02,11000,11000,23,16.04,55.64,288,2.88,2022-07-05,"2022","7","RL-01"
17,6.7,7.42,110,3700,73.48,10.22,73.83,0.81,1.55,0.488,0.86,8.45,10,0.43,13.56,46.37,10.77,0.96,3856.25,1122.75,3,0.34,99.8,0.0025,0.764,0.0005,0.1,0.077,117.344,4.864,0.0005,0.107,0.0873,10,0.205,930000,430000,20,20.4,31.84,4979,10.49,2022-08-03,"2022","8","RZ-05"
19,6.8,7.61,114,3200,79.69,9.59,79.02,0.67,1.27,0.804,1.14,9.37,10.86,0.47,14.64,42.603,9.05,0.93,4157.14,760.86,6,0.49,102,0.0025,0.78,0.0005,0.129,0.074,120.367,4.887,0.0005,0.121,0.0877,10,0.226,4600000,1500000,26,18.17,24.48,4918,11.44,2022-08-03,"2022","8","RZ-04"
20,6.8,5.41,288,750,85.39,9.98,89.99,0.4,0.99,0.602,0.97,3.48,10,0.4,16.08,84.235,5.14,0.97,1050,309,2.4,0.61,43.6,0.0025,0.249,0.0005,0.05,0.05,41.778,1.469,0.0005,0.1,0.0267,10,0.092,460000,460000,25,17.46,40.79,1359,5.07,2022-08-03,"2022","8","RZ-03"
21,6.6,3.99,268,1050,103.29,12.63,90.79,0.72,0.98,0.682,1.26,4.11,10,0.42,16.92,59.806,7.12,1.05,562.5,493.5,0.2,0.37,48,0.0025,0.179,0.0005,0.05,0.05,39.187,0.559,0.0005,0.1,0.0245,10,0.081,46000,46000,30,17.05,32.24,1056,5.77,2022-08-03,"2022","8","RZ-02"
23,6.4,3.12,454,380,129.37,23.77,136.09,0.58,3.9,0.292,0.52,2.56,86.34,0.39,15.72,52.593,8.41,1.2,471.43,350.57,0.1,0.1,33.2,0.0025,0.247,0.00147,0.05,0.05,17.747,0.389,0.0005,0.1,0.0247,39.4,0.07,43000,43000,23,15.73,81.59,822,6.75,2022-08-02,"2022","8","RL-02"
23,6,3.16,334,310,115.4,13.84,104.16,0.63,0.99,1.016,1.4,2.04,55.88,0.44,8.52,38.31,8.04,0.83,340.54,327.46,0.1,0.1,34.3,0.0025,0.191,0.0005,0.05,0.05,14.811,0.303,0.0005,0.1,0.0103,23.3,0.054,110000,46000,25,16.14,60.69,668,4.05,2022-08-02,"2022","8","RL-01"
22,5.7,2.35,326,450,145.93,19.14,99.57,0.36,0.16,0.993,2.1,3.32,29.85,0.51,7.44,41.099,8.89,0.9,188.57,402.43,0.1,0.1,26.1,0.0025,0.136,0.0005,0.05,0.05,18.46,0.301,0.0005,0.1,0.01,20.2,0.043,460000,460000,27,27.3,55.12,591,4.47,2022-08-02,"2022","8","CS-01"
19,7.6,6.49,262,70,44.77,11.81,83.96,0.42,24.85,0.649,0.5,0.93,17.18,0.29,9.54,41.023,11.23,0.37,62,221,0.1,1.49,6.9,0.0025,0.129,0.0005,0.05,0.05,4.205,0.116,0.0005,0.1,0.003,10,0.02,11000000,11000000,22,6.73,50.83,283,26.43,2022-09-20,"2022","9","RZ-05"
20,8.1,7.42,209,140,69.85,13.98,77.64,0.43,8.77,0.373,0.5,1.28,10,0.15,7.2,21.47,6.75,0.43,116,219,0.1,1.07,7.8,0.0025,0.154,0.0005,0.05,0.05,8.98,0.18,0.0005,0.1,0.0027,10,0.02,1500000,930000,25,5.74,40.38,335,10.42,2022-09-20,"2022","9","RZ-04"
20,7.6,5.98,225,280,91.44,14.17,81.2,0.44,9.13,0.31,0.5,1.63,10,0.1,6.9,29.438,14.22,0.64,124,379,0.3,1.15,30.6,0.0025,0.197,0.0005,0.05,0.05,16.102,0.35,0.0005,0.1,0.0068,10,0.03,4600000,4600000,26,8.91,42.35,503,11.07,2022-09-20,"2022","9","RZ-03"
21,7.6,6.09,206,800,91.94,16.92,78.04,0.6,24.01,0.501,0.23,2.62,10,0.1,7.62,67.753,14.14,0.9,879.49,224.51,0.5,0.46,40.8,0.0025,0.249,0.0005,0.05,0.05,40.751,0.745,0.0005,0.1,0.0213,10,0.078,150000,150000,27,12.47,45.31,1104,27.13,2022-09-20,"2022","9","RZ-02"
24,7.6,3.31,614,55,153.03,40.74,136.32,0.74,6.91,0.918,2.15,2.62,90.13,0.15,9.21,49.85,16.68,1.96,69,424,0.1,0.1,7.64,0.005,0.142,0.0005,0.05,0.05,3.296,0.246,0.0005,0.1,0.0092,63.7,0.02,460000,240000,21,14.85,90.62,493,10.45,2022-09-27,"2022","9","RL-02"
24,7.4,3,374,90,126.76,21.55,101.55,0.48,1.96,0.029,0.7,1.63,10,0.1,7.14,26.835,7.37,1.02,7,391,0.1,0.1,10.92,0.0025,0.115,0.0005,0.05,0.05,5.392,0.248,0.0005,0.1,0.0045,29.5,0.022,46000,46000,22,11.38,61.46,391,3.62,2022-09-27,"2022","9","RL-01"
22,7.4,2.68,339,19,125.17,19.28,112.81,0.4,4.49,2.575,1.28,3.67,10,0.15,4.35,25.838,6.58,0.57,25,219,0.1,0.1,2.425,0.0025,0.102,0.0005,0.05,0.05,1.758,0.282,0.0005,0.1,0.0043,16.2,0.02,1100000,460000,25,11.09,61.07,244,10.74,2022-09-27,"2022","9","CS-01"
18,7.2,7.09,219,50,74.25,16.2,77.37,0.35,3.69,0.931,0.5,1.44,10,0.19,4.2,27.888,5.14,0.56,36,204,0.1,0.1,5.32,0.0025,0.131,0.0005,0.05,0.05,3.883,0.085,0.0005,0.1,0.0027,10,0.02,4600000,4600000,22,7.96,38.01,240,6.06,2022-10-10,"2022","10","RZ-05"
18,7.5,7.56,215,65,86.62,13.35,99.1,0.59,3.45,0.343,0.5,0.72,10,0.15,3.87,26.184,5.14,0.33,58,189,0.2,0.1,1.74,0.0025,0.123,0.0005,0.05,0.05,5.519,0.142,0.0005,0.1,0.0027,10,0.02,240000,240000,27,6.87,40.2,247,4.51,2022-10-10,"2022","10","RZ-04"
19,7.1,6.23,173,75,92.96,13.6,93.32,0.49,3.35,0.318,0.5,0.5,10,0.14,3.36,26.639,9.01,0.36,91,191,0.1,0.1,2.09,0.0025,0.097,0.0005,0.05,0.05,6.353,0.16,0.0005,0.1,0.0032,10,0.02,93000,93000,25,7.66,45.97,282,3.67,2022-10-10,"2022","10","RZ-03"
20,7.3,4.08,270,190,108.6,19.04,91.72,0.58,3.34,0.397,0.5,2.82,10,0.15,6.51,39.311,43.51,0.51,225,225,0.4,0.1,17,0.0025,0.122,0.0005,0.05,0.05,5.23,0.363,0.0005,0.1,0.0074,10.1,0.03,46000,46000,31,10.94,52.14,450,6.56,2022-10-10,"2022","10","RZ-02"
24,7.3,2.7,685,45,151.44,38.33,140.46,0.87,4.54,1.246,0.9,3.23,85.28,0.14,7.35,32.227,13.39,2.72,37,427,0.1,0.15,3.96,0.0025,0.122,0.00083,0.05,0.05,2.519,0.32,0.0005,0.1,0.0151,64.4,0.02,460000,240000,28,11.68,94.17,464,9.02,2022-10-03,"2022","10","RL-02"
25,7.2,3.8,759,50,127.36,18.46,110.44,0.56,1.02,0.034,0.5,2.58,43.19,0.11,7.83,25.962,15.09,1.46,41,304,0.1,0.49,7.82,0.0025,0.179,0.0007,0.05,0.05,3.353,0.243,0.0005,0.1,0.0103,34.4,0.02,46000,46000,27,9.8,66.78,345,3.63,2022-10-03,"2022","10","RL-01"
22,7.3,2.73,734,5.4,145.57,20.83,122.09,0.39,0.98,3.455,1.2,4.07,20.26,0.23,5.52,27.961,5.14,0.78,12,234,0.1,20.26,1.18,0.0025,0.089,0.00076,0.05,0.05,0.719,0.328,0.0005,0.1,0.006,22.7,0.02,1100000,1100000,27,11.38,67.18,246,8.5,2022-10-03,"2022","10","CS-01"
17,7.7,6.25,423,2.8,127.51,23.51,104.09,0.64,5.13,1.182,1.06,2.82,27.76,0.17,3.73,34.586,7.54,1.17,7,294,0.1,0.1,0.745,0.0025,0.071,0.0005,0.05,0.05,0.389,0.05,0.0005,0.1,0.0035,32.6,0.021,46000,24000,26,8.51,63.68,294,9.13,2022-11-17,"2022","11","RZ-05"
16,7.9,7.59,545,5.9,131.27,25.45,109.67,0.53,0.97,0.16,0.94,3.23,11.54,0.1,4.52,37.747,6.85,0.3,30,216,0.1,0.92,0.92,0.0025,0.096,0.0005,0.05,0.05,1.52,0.097,0.0005,0.1,0.0026,17,0.022,46000,24000,28,9.8,62.29,246,4.36,2022-11-17,"2022","11","RZ-04"
18,7.5,4.22,511,4.4,152.95,24.19,151.14,0.5,3.13,1.697,0.5,2.47,21.15,0.1,2.83,30.672,5.52,0.35,7,290,0.1,0.1,0.374,0.0025,0.082,0.0005,0.05,0.05,0.6,0.061,0.0005,0.1,0.0033,24,0.02,46000,46000,29,9.01,73.83,290,7.3,2022-11-17,"2022","11","RZ-03"
20,7.7,3.58,526,38,209.19,42.79,156.13,0.57,0.17,0.16,2.76,4.82,23.02,0.16,7.62,80.61,19.56,0.77,141,330,0.6,0.37,24,0.0025,0.96,0.0005,0.05,0.05,11.294,1.266,0.0005,0.1,0.0185,38,0.073,110000,110000,31,9.31,85.57,471,5.15,2022-11-17,"2022","11","RZ-02"
20,8.2,5.6,928,26,269.96,55.22,214.75,1.56,3.45,1.294,0.5,1.94,132.1,0.13,2.41,31.515,8.76,1.63,17,621,0.1,0.1,6.34,0.005,0.194,0.00058,0.05,0.05,1.708,0.141,0.0005,0.1,0.0142,105,0.028,46000,46000,25,12.77,135.32,638,6.68,2022-11-22,"2022","11","RL-02"
21,7.8,6.8,433,27,161.17,29.92,115.45,0.68,0.21,0.079,0.5,0.94,40.12,0.11,2.02,24.376,10.65,0.44,42,286,0.1,0.46,9.18,0.0025,0.124,0.0005,0.05,0.05,1.998,0.102,0.0005,0.1,0.0063,40.9,0.023,460,460,27,6.93,68.06,328,1.23,2022-11-22,"2022","11","RL-01"
21,8.4,4.5,439,24,310.38,74.11,205.18,1.42,0.1,0.036,0.5,2.41,87.51,0.15,2.24,41.762,5.5,0.38,18,611,0.1,1.09,6.8,0.0071,0.194,0.00052,0.05,0.05,1.438,0.082,0.0005,0.1,0.0124,106.3,0.02,110000,110000,28,2,115.82,629,2.45,2022-11-22,"2022","11","CS-01"
18,7.6,6.29,429,3,125.33,25.3,108.07,0.28,6.69,0.914,0.5,4.02,28.15,0.21,3.85,14.588,6.87,0.8,7,305,0.1,0.1,2.25,0.0025,0.167,0.0005,0.05,0.05,0.442,0.05,0.0005,0.1,0.0025,32.7,0.043,110000,46000,22,7.23,64.87,312,11.62,2022-12-07,"2022","12","RZ-05"
17,7.8,7.58,365,4.5,133.15,14.96,115.85,0.46,4.31,1.07,0.53,1.98,14.84,0.15,2.88,12.392,5.25,0.34,7,250,0.1,0.1,0.76,0.0025,0.192,0.0005,0.05,0.05,0.469,0.05,0.0005,0.1,0.0025,20.8,0.02,4600,2400,19,4.95,64.67,250,7.36,2022-12-07,"2022","12","RZ-04"
17,7.5,4.7,415,3.7,165.23,17.77,141.97,0.3,1.87,1.424,0.76,2.97,19.18,0.31,3.18,18.536,7.17,0.45,7,277,0.1,0.1,1.43,0.0025,0.185,0.0005,0.05,0.05,0.438,0.082,0.0005,0.1,0.0041,26.6,0.02,460000,240000,22,8.41,76.02,277,6.26,2022-12-07,"2022","12","RZ-03"
24,7.2,3.22,585,30,230.47,45.7,171.88,0.4,0.1,0.377,1.23,4.83,16.4,0.26,102.3,189.676,7.74,1.52,29,421,0.1,4.74,9.85,0.0025,0.221,0.0005,0.05,0.05,1.225,0.418,0.0005,0.1,0.0027,49.5,0.023,460000,460000,27,17.32,96.71,450,5.21,2022-12-07,"2022","12","RZ-02"
20,7.9,2.63,943,19,286.92,57.11,209.77,1.17,3.46,0.09,0.59,3.03,140.09,0.22,3.09,17.611,8.04,1.39,10,633,0.1,0.74,3.52,0.0072,0.23,0.0005,0.05,0.05,0.999,0.119,0.0005,0.1,0.009,107.4,0.025,4600,2400,23,7.03,129.35,643,8.58,2022-12-06,"2022","12","RL-02"
21,7.4,4.61,450,27,172.26,21.17,119.44,0.55,0.16,0.121,2,2.41,63.69,0.13,2.53,8.026,6.41,0.55,29,307,0.1,0.8,15.8,0.0025,0.189,0.0005,0.05,0.05,1.67,0.129,0.0005,0.1,0.0044,45.9,0.022,1100,240,27,8.81,69.45,336,2.69,2022-12-06,"2022","12","RL-01"
22,8.1,4.58,927,22,315.37,60.9,207.38,0.97,0.1,0.02,0.88,2.68,96.29,0.15,8.48,24.003,6.38,0.5,14,600,0.1,1.65,11.3,0.0115,0.236,0.0005,0.05,0.05,1.148,0.078,0.0005,0.1,0.0084,105.3,0.02,46000,24000,28,2,121.99,614,2.7,2022-12-06,"2022","12","CS-01"
12,7.7,6.19,497,4.2,143.4,27.44,109.46,0.34,3.92,0.753,1.01,1.84,36.32,0.53,1.32,17.281,5.14,2.91,26,323,0.1,0.1,0.0795,0.0025,0.039,0.0005,0.05,0.05,0.711,0.05,0.0005,0.1,0.005,48.8,0.02,24000,24000,28,5.77,65.65,349,6.51,2023-01-10,"2023","1","RZ-05"
14,7.9,7.87,421,3.9,130.4,18.5,123.6,0.64,8.5,0.214,0.53,1.48,24.83,0.12,1.38,5,9.54,1.33,7,271,0.1,0.2,0.143,0.0025,0.035,0.0005,0.05,0.05,0.34,0.05,0.0005,0.1,0.0034,29.3,0.02,4600,4600,29,4.18,67.67,271,10.19,2023-01-10,"2023","1","RZ-04"
16,7.6,2.46,561,11,231.6,24.82,168.03,0.62,0.1,0.01,3.56,6.65,23.51,0.77,14.04,67.192,8.26,1.76,19,250,0.1,0.1,0.197,0.0025,0.082,0.0005,0.05,0.05,1.367,2.603,0.0005,0.1,0.0058,40.6,0.02,46000000,46000000,29,12.44,99.38,369,6.65,2023-01-10,"2023","1","RZ-03"
20,6.4,2.48,932,30,335.83,80.33,244.17,0.75,0.29,0.01,4.27,10.33,10,0.29,236.4,653.717,10.09,3.84,29,830,0.1,9.63,0.82,0.0025,0.084,0.0005,0.05,0.05,3.634,0.663,0.0005,0.1,0.0062,81.5,0.02,2400000,2400000,29,38.8,146.05,859,10.62,2023-01-10,"2023","1","RZ-02"
18,8,2.15,938,33,355.97,64.16,220.14,1.19,0.14,0.038,0.5,1.42,99.12,0.1,3.15,64.432,5.54,0.87,26,645,0.1,0.1,3.86,0.0141,0.153,0.00062,0.05,0.05,1.899,0.101,0.0005,0.1,0.0134,115.6,0.033,1100,240,25,2,125.85,671,1.6,2023-01-17,"2023","1","RL-01"
15,7.5,3.51,882,2.6,158.99,31.76,109.4,0.35,7.21,1.337,2.24,3.87,45.44,0.23,3.48,22.805,8.5,1.52,7,337,0.1,0.1,0.3339,0.0025,0.053,0.0005,0.05,0.05,0.33,0.058,0.0005,0.1,0.0025,57.3,0.02,46000,24000,23,9.75,73.36,337,12.42,2023-02-13,"2023","2","RZ-05"
16,8.1,7.5,468,4.6,151.35,20.83,123.91,0.33,7.34,0.069,0.54,1.51,27.43,0.13,2.29,12.808,9.17,1.31,10,300,0.1,0.26,0.349,0.0025,0.0384,0.0005,0.05,0.05,0.362,0.05,0.0005,0.1,0.0025,38.8,0.02,4600,2400,28,4.63,72.76,310,8.92,2023-02-13,"2023","2","RZ-04"
18,7.8,4.29,1194,7.1,256.77,39.39,154.13,0.42,0.1,0.047,5.87,7.8,24.85,0.63,6,23.944,9.56,1.53,14,365,0.1,0.16,0.815,0.0025,0.072,0.0005,0.05,0.05,1.332,0.439,0.0005,0.1,0.0025,58.4,0.025,11000,11000,29,10.15,96.08,379,7.95,2023-02-13,"2023","2","RZ-03"
19,7.5,1.98,2339,18,460.88,136.57,302.22,0.63,0.32,0.01,5.38,11.67,10,0.99,310.8,550.873,20.34,3.94,50,966,0.2,2.74,0.66,0.0025,0.124,0.0005,0.05,0.05,2.464,1.159,0.0005,0.1,0.0098,117.2,0.02,46000,24000,32,21.18,182.11,1016,11.99,2023-02-13,"2023","2","RZ-02"
20,8.1,3.98,1003,28,356.57,68.24,227.2,1.31,0.1,0.022,0.79,2.9,100.05,0.15,3.47,36.422,13.18,0.6,20,632,0.1,3.68,2.71,0.0079,0.156,0.0005,0.05,0.05,1.493,0.05,0.0005,0.1,0.0025,122.2,0.02,4600,4600,22,2.27,130.29,652,2.92,2023-02-09,"2023","2","RL-01"
16,7.8,5.4,523,1.2,153.97,30.26,106.78,0.34,6.61,0.016,1.21,2.48,39.04,0.17,3.9,5,6.03,1.61,11,334,0.1,0.1,0.104,0.0025,0.039,0.0005,0.05,0.05,0.12,0.05,0.0005,0.1,0.0025,53.8,0.02,460,240,26,4.33,72.16,345,9.11,2023-03-06,"2023","3","RZ-05"
18,8.1,7.37,469,3.4,170.25,22.44,128.75,0.38,4.97,0.063,0.79,2.3,27.06,0.11,3.3,5,6.75,1.27,12,296,0.1,0.18,0.207,0.0025,0.036,0.0005,0.05,0.05,0.26,0.05,0.0005,0.1,0.0025,37.5,0.02,4600,2400,29,19.8,76.38,308,7.33,2023-03-06,"2023","3","RZ-04"
25,7.8,0.81,1236,14,463.89,107.09,249.83,0.71,0.13,0.01,1.39,5.69,19.42,0.25,25.9,144.261,8.77,1,25,760,0.1,4.62,0.384,0.0055,0.117,0.0005,0.05,0.05,0.876,0.563,0.0005,0.1,0.0025,140.5,0.02,46000,46000,32,8.47,120.2,785,5.82,2023-03-06,"2023","3","RZ-02"
23,7.8,3.57,1062,19,367.6,67.51,231.1,1,0.1,0.018,1.27,2.78,111.34,0.1,5.6,29.324,6.26,0.7,13,652,0.1,0.1,2.47,0.02,0.178,0.0005,0.05,0.05,1.231,0.073,0.0005,0.1,0.0025,123,0.02,150,9,26,11.62,132.66,665,2.8,2023-03-06,"2023","3","RL-01"
18,7.8,5.37,532,1.75,149.1,36.69,110.74,0.33,7.56,0.309,2.64,3.24,38.62,0.1,2.6,24.83,5.49,0.96,7,378,0.1,0.1,0.148,0.0025,0.148,0.0005,0.05,0.05,0.122,0.05,0.0005,0.1,0.0088,60.6,0.02,2400,2400,31,6.46,72.4,378,11.11,2023-04-17,"2023","4","RZ-05"
19,8.2,7.21,901,3.8,190.82,21.62,168.82,0.67,3.75,0.041,1.26,1.44,28.09,0.1,2.2,16.755,8.62,1.06,7,321,0.1,0.3,0.227,0.0025,0.0302,0.0005,0.05,0.05,0.207,0.05,0.0005,0.1,0.0025,38.5,0.02,2400,2400,34,5.69,74.6,321,5.23,2023-04-17,"2023","4","RZ-04"
22,7.7,2.26,747,5.7,280.37,56.31,170.82,0.49,0.1,0.029,7.31,9.83,24.62,0.22,3.1,28.525,9.71,1.31,9,441,0.1,0.66,0.15,0.0025,0.075,0.0005,0.05,0.05,0.925,0.49,0.0005,0.1,0.0033,74.5,0.02,460,460,34,9.86,101,450,9.86,2023-04-17,"2023","4","RZ-03"
24,7.7,4.02,1214,4.7,471,88.79,254.93,0.91,0.1,0.011,0.78,4.31,52.22,0.17,10.8,74.023,9.48,1.18,14,785,0.1,2.08,0.182,0.0025,0.183,0.0005,0.05,0.05,0.321,0.258,0.0005,0.1,0.0132,152.9,0.02,4600,4600,34,8.87,122,799,4.32,2023-04-17,"2023","4","RZ-02"
23,7.8,3.35,1090,3.6,394.57,71.72,248.72,0.99,0.1,0.013,0.5,3.06,94.75,0.1,2.1,46.289,8.04,0.61,7,706,0.1,2.66,0.25,0.0147,0.171,0.0005,0.05,0.05,0.146,0.123,0.0005,0.1,0.006,130.2,0.02,4600,2400,28,6.13,85.8,713,3.07,2023-04-18,"2023","4","RL-01"
24,8.9,5.67,1058,90,401.6,72.84,238.31,0.97,0.1,0.01,0.5,3,100.82,0.1,4.4,66.44,5.39,0.88,111,732,0.1,2.18,10.2,0.0025,0.0193,0.0005,0.05,0.05,5.056,0.096,0.0005,0.1,0.0043,135.4,0.02,11000,11000,37,2,79.2,843,3,2023-04-18,"2023","4","CS-01"
17,7.6,4.13,524,2.1,163.92,33.46,112.15,0.36,6.57,0.87,2.4,4.19,39.96,0.27,6.3,13.325,13.95,2.2,7,364,0.1,0.1,0.22,0.0025,0.054,0.0005,0.05,0.05,0.211,0.05,0.0005,0.1,0.0082,61.2,0.032,1100,1100,24,5.26,73.8,371,11.63,2023-05-04,"2023","5","RZ-05"
17,8.2,7.19,448,3.5,164.43,25.73,119.35,0.43,3.33,0.046,0.5,2.22,30.47,0.18,3.8,9.29,13.52,1.01,7,305,0.1,0.1,0.357,0.0025,0.032,0.0005,0.05,0.05,0.326,0.05,0.0005,0.1,0.0069,43,0.02,430,230,25,3.94,74.8,305,5.6,2023-05-04,"2023","5","RZ-04"
24,7.6,1.88,1681,7.6,618.46,215.45,296.78,2.04,0.1,0.01,4.97,11.56,10,0.58,140.5,275.63,11.44,1.18,10,1146,0.1,0.85,0.27,0.0025,0.099,0.00107,0.05,0.05,0.877,0.645,0.0005,0.1,0.018,238.6,0.024,1100000,1100000,30,25.84,182.2,1156,11.56,2023-05-04,"2023","5","RZ-02"
27,7.6,7.2,1135,75,416.16,79.25,233.3,1.28,0.1,0.024,5.81,10.39,101.14,0.43,123.1,228.791,15.54,0.82,125.37,699.63,0.1,1.96,5.2,0.0025,0.153,0.0005,0.05,0.05,3.074,0.114,0.0005,0.1,0.0233,127.2,0.031,4600000,4600000,29,22.78,131.2,825,10.41,2023-05-04,"2023","5","CS-01"
19,7.8,5.05,515,2.1,152.01,31.02,106.6,0.42,6.83,0.164,0.91,1.75,44.65,0.1,3.5,15.387,5.95,1.87,7,354,0.1,0.2,0.152,0.0025,0.034,0.0005,0.05,0.05,0.186,0.05,0.0005,0.1,0.0066,57.3,0.033,150000,150000,30,2.56,80.99,354,8.74,2023-06-06,"2023","6","RZ-05"
19,8.2,6.78,431,6,157.56,20.99,119.26,0.54,4.39,0.025,0.73,1.51,26.55,0.1,3.8,9.097,5.14,1.17,9,320,0.1,0.28,0.0605,0.0025,0.0318,0.0005,0.05,0.05,0.507,0.05,0.0005,0.1,0.0064,38.1,0.02,15000,15000,33,2.34,76.09,329,5.93,2023-06-06,"2023","6","RZ-04"
19,7.7,4.82,612,3,129.79,19.62,114.57,0.33,4.39,0.058,0.5,1.45,25.88,0.1,3.7,11.583,5.14,1.16,7,260,0.1,0.1,0.7,0.0025,0.0334,0.0005,0.05,0.05,0.591,0.05,0.0005,0.1,0.0052,44.9,0.02,46000,46000,32,2.13,62.22,267,5.9,2023-06-06,"2023","6","RZ-02"
27,8.9,5.64,1269,,394.57,77.1,243.3,1.41,0.1,0.016,3.48,4.01,137.93,0.23,7.4,136.606,5.47,0.5,160.78,770.22,0.1,0.36,11.3,0.0025,0.216,0.00133,0.05,0.05,7.337,0.154,0.0005,0.1,0.0244,141.9,0.02,240000,240000,36,2,136.48,931,4.03,2023-06-15,"2023","6","CS-01"
22,7.6,4.37,701,,127.99,22.47,101.77,0.56,2.83,1.73,1.38,1.44,50.78,0.23,9,29.543,5.14,1,27,297,0.1,0.1,3.74,0.0025,0.069,0.0005,0.05,0.05,2.637,0.186,0.0005,0.1,0.005,33.3,0.028,46000,46000,35,5.59,78.13,324,6,2023-07-06,"2023","7","RZ-05"
21,7.8,6.66,274,,150.22,11.28,88.1,0.43,2.62,0.695,0.5,2.1,32.99,0.1,8.8,52.216,8.04,1.04,251.16,462.84,0.2,0.1,24.4,0.0025,0.115,0.00095,0.05,0.05,18.622,0.474,0.0005,0.1,0.0161,12.5,0.062,460000,460000,31,5.35,56.71,714,5.42,2023-07-06,"2023","7","RZ-04"
23,7.5,3.44,657,,121.7,18.18,101.56,0.36,2.51,1.09,0.54,1.86,34.28,0.18,7.7,22.459,7.97,0.76,112,401,0.1,0.1,20.45,0.0025,0.084,0.00091,0.05,0.05,17.76,0.276,0.0005,0.1,0.0132,20.7,0.05,110000,110000,33,5.83,61.2,513,5.46,2023-07-06,"2023","7","RZ-03"
26,8.2,6.35,1217,,389.05,83.47,236.37,1.4,0.1,0.067,0.5,2.22,117.38,0.1,7.2,66.87,5.14,1.2,138.33,745.67,0.1,0.34,12.2,0.0308,0.181,0.00358,0.05,0.05,6.854,0.172,0.0005,0.1,0.0217,148.1,0.052,460000,460000,31,2,134.64,884,2.29,2023-07-06,"2023","7","CS-01"
21,7.7,4.77,480,13,114.14,20.54,104.34,0.38,6.23,0.567,0.5,1.87,34.71,0.11,3.6,17.184,5.14,0.7,14,270,0.1,0.1,1.085,0.0025,0.051,0.0005,0.05,0.05,0.893,0.081,0.0005,0.1,0.0039,32.8,0.02,460000,460000,30,5.33,66.66,284,8.67,2023-08-03,"2023","8","RZ-05"
21,8,6.5,380,,125.56,17.09,109.99,0.57,5.25,0.301,0.5,1.09,34.83,0.1,5,20.822,5.14,0.82,75,267,0.1,0.1,5.9,0.0025,0.061,0.0005,0.05,0.05,3.679,0.178,0.0005,0.1,0.004,21.4,0.052,46000,46000,31,3.72,62.22,342,6.64,2023-08-03,"2023","8","RZ-04"
24,7.6,2.99,388,,137.5,16.75,111,0.54,2.72,1.51,1.57,3.21,37.64,0.17,7.1,39.475,5.14,0.92,456.41,243.59,0.1,0.1,27.9,0.0033,0.164,0.00063,0.05,0.05,14.391,0.499,0.0005,0.1,0.0138,21.3,0.062,1100000,1100000,32,7.54,72.72,700,7.44,2023-08-03,"2023","8","RZ-03"
27,8.7,4.47,1116,,360.78,76.59,219.98,1.19,0.1,0.059,0.5,0.85,106.35,0.14,6.1,56.214,13.64,1,127.69,681.31,0.1,0.1,8.72,0.0296,0.151,0.00142,0.05,0.05,4.2,0.129,0.0005,0.1,0.0183,135.8,0.026,4600000,4600000,33,2,107.46,809,0.91,2023-08-03,"2023","8","CS-01"
20,7.6,6.74,286,,82.92,11.07,84.52,0.32,2.47,0.221,0.5,1.29,27.87,0.1,5.1,19.51,9.9,0.5,42,238,0.1,0.1,7.28,0.0025,0.09,0.0005,0.05,0.05,6.116,0.108,0.0005,0.1,0.006,12.5,0.02,110000,110000,30,5.57,50.35,280,3.98,2023-09-08,"2023","9","RZ-05"
20,7.8,7.34,210,,74.24,7.58,71.8,0.38,2.32,0.342,0.5,1.9,10.84,0.1,5.2,32.639,,0.47,138.46,287.54,0.1,0.1,,0.0025,0.101,0.0005,0.05,0.05,,,0.0005,0.1,,10,0.031,,4600000,31,6.09,39.4,426,4.56,2023-09-08,"2023","9","RZ-04"
21,7.5,5.92,217,,75.85,7.48,80.15,0.42,,,0.5,2.24,,0.1,6.3,34.037,,0.63,,346.56,,0.1,,0.0044,,0.0005,0.05,0.05,,0.565,0.0005,0.1,,10,0.048,460000,460000,32,6.83,44.18,,4.84,2023-09-08,"2023","9","RZ-03"
21,7.1,2.46,209,,92.92,9.37,95.46,0.56,1.87,0.997,0.5,3.7,13.99,0.1,6.8,71.464,,1.25,,271.33,,0.25,,0.0052,0.308,0.0005,0.05,0.065,,0.96,0.0005,0.1,,10,0.096,460000,460000,33,7.98,56.52,,6.57,2023-09-08,"2023","9","RZ-02"
25,7.4,2.9,621,,164.13,35.99,129.27,0.98,4.88,3.02,2.3,3.75,94.74,0.1,14.4,33.03,8.52,1.64,97,513,0.1,0.1,14.15,0.0025,0.127,0.0005,0.05,0.05,8.39,0.177,0.0005,0.1,,72.9,0.027,46000,46000,27,7.88,86.56,610,11.65,2023-09-11,"2023","9","RL-02"
25,7.2,2.54,396,50,129.48,18.45,99.84,0.51,0.95,1.275,0.79,1.51,43.64,0.1,6,15.321,5.43,1.02,,289,0.1,0.1,4.88,0.0025,0.082,0.0005,0.05,0.05,2.843,0.111,0.0005,0.1,0.0045,37.9,0.02,24000,24000,28,6.51,60.3,336,3.74,2023-09-11,"2023","9","RL-01"
25,7.2,3.45,345,,135.54,17.34,98.05,0.75,0.1,1.325,2.06,3.27,35.19,0.13,6.6,35.047,,0.87,,330.78,0.1,0.1,,0.0025,0.138,0.0005,0.05,0.05,,,0.0005,0.1,0.0153,,0.025,460000,240000,32,8.51,60.5,603,4.6,2023-09-11,"2023","9","CS-01"
20,7.8,6.2,265,,93.48,15.89,79.31,0.33,2.39,0.208,0.6,2.12,28.31,0.1,3.7,28.728,5.95,0.76,,317.78,0.1,0.1,,0.0025,0.157,0.0005,0.05,0.05,22.959,0.295,0.0005,0.1,,13,0.026,110000,110000,28,,47.76,640,4.72,2023-10-05,"2023","10","RZ-05"
19,7.6,6.51,143,,90.41,12.15,69.21,0.31,1.53,0.906,0.5,,12.87,0.1,6.5,32.938,,0.67,,272.64,0.1,,,0.0025,0.114,0.0005,0.05,0.05,,,0.0005,0.1,0.0078,10,0.024,460000,460000,29,6.9,43.78,509,5.1,2023-10-05,"2023","10","RZ-04"
21,7.3,4.96,241,,88.15,9.2,82.34,0.36,1.97,0.3,0.67,3.51,10,0.1,10.4,50.921,5.49,0.82,,225.46,,0.1,,0.0025,,0.0005,0.05,0.05,,0.554,0.0005,0.1,,10,0.047,1100000,1100000,29,8.03,47.96,,5.78,2023-10-05,"2023","10","RZ-03"
26,7.3,1.72,1028,3.2,379.01,69.08,134.24,0.68,0.1,0.01,12.4,15.42,53.84,1.85,44.6,100.625,10.52,3.4,22,590,0.1,3.99,0.86,0.0025,0.098,0.0005,0.05,0.05,0.539,0.264,0.0005,0.1,,134.9,0.02,4600000,4600000,25,21.22,99.3,612,15.42,2023-10-04,"2023","10","RL-02"
24,7.1,2.37,475,13,161.95,23.84,102.42,0.65,0.1,0.02,1.69,2.48,59.72,0.1,4.9,15.353,6.89,1.51,16,317,0.1,0.42,1.115,0.0025,0.084,0.0005,0.05,0.05,0.866,0.243,0.0005,0.1,0.0057,49.5,0.02,46000,46000,27,15.97,65.07,333,2.5,2023-10-04,"2023","10","RL-01"
27,8.4,3.78,1092,,356.42,75.83,198.68,1.17,0.1,0.038,0.97,4.17,112.11,0.1,8.7,50.338,8.09,0.8,152,675,0.1,0.1,,0.0025,0.167,0.00116,0.05,0.05,,0.131,0.0005,0.1,,141.6,0.02,4600000,,30,2,99.7,,4.21,2023-10-04,"2023","10","CS-01"
18,7.9,6.49,889,5.2,124.92,27.39,103.48,0.38,,0.81,0.72,2.46,32.66,0.1,2.4,16.352,,1.26,15,268,0.1,0.1,0.58,0.0025,0.054,0.0005,0.05,0.05,0.615,0.05,0.0005,0.1,0.0032,44.8,0.02,24000,24000,23,3.52,66,283,,2023-11-09,"2023","11","RZ-05"
19,8.2,7.44,378,15,123.72,16.49,102.07,0.31,3.71,0.14,0.9,,19.42,0.1,5.1,27.492,,0.59,29,225,0.1,0.1,1.34,0.0025,0.051,0.0005,0.05,0.05,1.487,0.05,0.0005,0.1,0.0028,,0.02,24000,24000,33,2,60.4,254,,2023-11-09,"2023","11","RZ-04"
20,7.7,3.79,789,5.8,,17.14,123.73,0.35,1.56,,,3.72,,0.1,3.6,15.476,,0.61,12,260,0.1,0.1,0.65,0.0025,0.05,0.0005,0.05,0.05,0.681,0.05,0.0005,0.1,0.0038,,0.02,43000,43000,30,5.73,69.8,272,7.45,2023-11-09,"2023","11","RZ-03"
22,7.2,1.55,1147,40,232.66,43.89,140.18,0.51,0.1,0.029,1.68,7.91,10,0.3,100.3,152.748,7.57,1.3,32.86,410.14,0.1,0.49,2.085,0.0025,0.083,0.0005,0.05,0.05,2.215,0.298,0.0005,0.1,0.0053,57.9,0.02,460000,240000,33,15.08,84.6,443,8.04,2023-11-09,"2023","11","RZ-02"
23,7.1,3.22,970,30,300.25,72.33,218.39,1.41,2.38,1.89,0.6,3.72,143.74,0.14,5,57.134,5.74,2.43,33,710,0.1,0.1,3.19,0.0025,0.119,0.00083,0.05,0.05,1.642,0.133,0.0005,0.1,,138.7,0.02,460000,460000,30,3.72,131.2,743,7.99,2023-11-13,"2023","11","RL-02"
22,7.4,2.78,771,4.5,214.07,37.84,141.18,0.53,0.65,0.531,0.72,2.04,62.11,0.1,2,7.928,7.9,1.6,7,422,0.1,0.1,0.448,,0.079,0.0005,0.05,0.05,0.271,0.05,0.0005,0.1,0.005,75.3,0.02,24000,24000,28,4.62,84.4,422,3.22,2023-11-13,"2023","11","RL-01"
26,8,6.25,1321,110,367.21,81.17,211.57,1.24,0.1,0.027,0.76,0.9,100.35,0.1,7.3,65.709,6.16,0.94,110.64,716.36,0.1,0.1,7.62,,0.17,0.00085,0.05,0.05,4.791,0.118,0.0005,0.1,0.0175,146.4,0.02,240000,4600000,30,2,94.4,827,0.93,2023-11-13,"2023","11","CS-01"
18,7.1,4.84,494,,87.65,12.56,89.13,,2.55,0.559,0.61,5.48,29.44,0.27,,,,1.84,,253,2.4,0.1,,0.0025,,0.0005,0.054,0.05,,1.491,0.0005,0.1,,10,0.16,,,16,7.46,53.13,,,2023-12-07,"2023","12","RZ-05"
18,7.5,5.13,511,,88.68,12.22,86.49,0.55,2.74,0.625,0.56,,27.84,,,,,1.37,,240.18,,0.1,,0.0025,,0.0005,0.05,0.05,,,0.0005,0.1,,11.4,,,,17,7.26,64.64,,,2023-12-07,"2023","12","RZ-04"
16,7.4,4.17,468,,106.09,10.99,109.99,0.43,,,0.5,2.63,,,8.9,35.657,5.4,0.77,461.29,224.71,,0.1,,0.0025,,0.0005,0.05,0.05,,0.633,0.0005,0.1,0.0076,11.7,0.07,460000,460000,17,7.56,69.08,,6.49,2023-12-07,"2023","12","RZ-03"
19,8,4.72,983,11,,71.79,193.44,1.41,1.44,1.864,1.12,3.35,136.7,0.14,5.5,39.758,6.65,2.66,17,664,0.1,0.1,3.34,0.0025,0.098,0.00077,0.05,0.05,0.506,0.153,0.0005,0.1,0.0123,140.5,0.02,460000,460000,23,9.45,126.25,681,6.65,2023-12-06,"2023","12","RL-02"
19,7,1.85,487,3.9,197.86,28.09,116.27,0.48,0.1,0.029,1.01,2.51,64.86,,2,5,15.67,1.12,7,340,0.1,0.1,1.08,0.0026,0.071,0.0005,0.05,0.05,0.326,0.158,0.0005,0.1,0.0071,63.6,0.02,46000,46000,26,307.75,67.87,340,2.54,2023-12-06,"2023","12","RL-01"
19,8.9,5.45,1000,60,355.67,78.05,206.41,1.2,0.1,0.045,0.56,1.79,107.8,0.1,5,37.123,,0.98,84.62,684.38,0.1,0.1,,,0.162,0.00112,0.05,0.05,4.205,0.106,0.0005,0.1,0.0198,149.7,0.024,1100000,460000,27,2,98.17,769,1.84,2023-12-06,"2023","12","CS-01"
15,7.6,4.74,481,3.3,147.94,24.69,108.02,0.52,0.96,0.18,2.37,5.34,42.93,0.12,6.8,33.659,20.04,1.19,8,294,0.1,0.1,0.1302,0.0025,0.044,0.0005,0.073,0.05,0.299,0.05,0.0008,0.1,0.0025,42.9,0.02,240000,240000,22,5.94,63.5,302,6.48,2024-01-24,"2024","1","RZ-05"
15,8,5.89,450,3.45,136.68,21.29,115.09,0.29,0.98,0.12,0.5,1.66,40.05,0.11,5.2,23.325,12.11,0.8,11,273,0.1,0.1,0.2415,0.0025,0.0391,0.0005,0.05,0.05,0.358,0.05,0.0005,0.1,0.0025,34.1,0.02,4600,4600,25,5.45,59,284,2.76,2024-01-24,"2024","1","RZ-04"
17,7.7,3.75,538,2.5,180.3,29.76,153.39,0.93,0.98,0.177,1.48,3.32,29.27,0.14,4,29.828,15.45,0.9,12,309,0.1,0.1,0.1465,0.0025,0.0431,0.0005,0.05,0.05,0.423,0.121,0.0005,0.1,0.0027,43.6,0.02,1100,460,28,4.95,76.24,321,4.48,2024-01-24,"2024","1","RZ-03"
18,7.6,1.51,945,26,333.17,78.69,179.9,0.83,0.1,0.062,4.57,8.19,23.5,0.53,54.9,189.712,23.5,0.5,21,546,0.1,1.49,0.3805,0.0025,0.0614,0.0005,0.05,0.05,0.678,0.261,0.0005,0.1,0.0046,101.7,0.02,1100000,1100000,30,12.87,73.89,567,8.25,2024-01-24,"2024","1","RZ-02"
19,7.6,0.86,1011,18,339.68,59.97,211.91,1.47,0.1,0.029,2.37,5.4,110,0.2,7.4,55.39,11.94,4.03,27.59,649.41,0.1,1.66,1.8121,0.0164,0.1255,0.00078,0.05,0.05,1.222,0.522,0.0005,0.1,0.0213,136,0.052,1100000,460000,25,18.81,108,677,5.43,2024-01-18,"2024","1","RL-02"
19,7.3,2.74,602,5.6,220.6,35.63,137.09,0.73,0.1,0.014,0.5,2.2,62.98,0.1,2.4,26.257,19.89,1.81,7,399,0.1,0.1,0.4499,0.0072,0.0751,0.0005,0.05,0.05,0.492,0.298,0.0005,0.1,0.0122,75.4,0.021,110000,46000,25,13.07,63.5,399,2.21,2024-01-18,"2024","1","RL-01"
20,9,5.76,1111,40,379.26,78.5,216.24,1.21,0.1,0.054,0.5,2.43,129.86,0.1,4,58.379,24.16,0.86,60.71,738.29,0.1,0.1,5.1885,0.031,0.1691,0.00071,0.5,0.5,3.3,0.315,0.0005,0.1,0.0258,151.3,0.02,460000,240000,27,2,86.63,799,2.48,2024-01-18,"2024","1","CS-01"
17,7.5,3.82,493,1.35,154.23,29.45,109.88,0.61,6.71,0.15,0.5,2.22,50.68,0.1,3.7,17.618,23.68,0.3,7,348,0.1,0.62,0.095,0.0025,0.0349,0.0005,0.05,0.05,0.131,0.05,0.0005,0.1,0.0025,57.6,0.028,1500,930,34,2,67.2,348,9.08,2024-03-13,"2024","3","RZ-05"
18,7.7,6.62,452,2.5,158.57,25,123.49,0.51,4.74,0.041,0.5,1.98,42.01,0.1,16.2,25.495,12.43,0.3,7,297,0.1,0.2,0.134,0.0025,0.0356,0.0005,0.05,0.05,0.17,0.05,0.0005,0.1,0.0025,39.6,0.02,1500,1500,33,2,70,297,6.76,2024-03-13,"2024","3","RZ-04"
,,,,,,,,,,,,,,,5.1,28.8,,,,,,0.1,,,,,,,,,,,,,,,,,,,,,2024-03-13,"2024","3","RZ-03"
,,,,,,,,,,,,,,,22.8,36.8,,,,,,0.21,,,,,,,,,,,,,,,,,,,,,2024-03-13,"2024","3","RZ-02"
21,9,6.13,1148,150,404.5,93.29,236.36,2.07,0.1,0.013,0.5,4.76,78.15,0.11,4.8,97.88,11.85,0.83,197.56,818.44,0.1,0.1,12.808,0.0057,0.2194,0.00155,0.5,0.5,8.7,0.193,0.0005,0.1,0.0231,156.4,0.041,460000,460000,26,2,117.6,1016,4.77,2024-03-11,"2024","3","CS-01"
15,7.5,4.74,484,1.05,153.32,28.42,108.58,0.26,3.78,0.844,2.22,4.76,51.35,0.15,5.4,23.861,14.34,1.54,7,335,0.1,0.1,0.0884,0.0047,0.0383,0.0005,0.05,0.05,0.166,0.05,0.0005,0.1,0.0046,47.7,0.02,4600,2400,27,8.18,59.86,335,9.38,2024-02-21,"2024","2","RZ-05"
15,7.7,7.82,346,60,134.33,15.07,119.3,0.65,2.82,0.146,0.5,1.98,4.95,0.1,3.4,14.019,18.08,0.7,66,259,0.1,0.18,4.562,0.0031,0.0534,0.0005,0.05,0.05,4.291,0.092,0.0005,0.1,0.0046,20.1,0.02,4600,2400,29,2.27,60.45,325,4.95,2024-02-21,"2024","2","RZ-04"
18,7.6,3.34,581,15,223.41,38.45,145.03,0.6,0.1,0.019,4.32,6.79,35.94,0.91,7.2,41.882,21.49,1.78,19,371,0.1,0.1,1.0673,0.0029,0.0813,0.0005,0.05,0.05,1.959,0.636,0.0005,0.1,0.0076,53.3,0.02,110000,110000,31,6.9,77.8,390,6.81,2024-02-21,"2024","2","RZ-03"
,,,,,,,,,,,,,,,27.2,40.5,,,,,,0.3,,,,,,,,,,,,,,,,,,,,,2024-02-21,"2024","2","RZ-02"
17,7.1,4.92,534,3.45,130.09,14.14,84.8,0.66,0.1,0.019,0.5,2.04,23.18,0.1,3.7,17.024,19.93,0.3,7,236,0.1,0.1,0.3691,0.0031,0.0463,0.0005,0.05,0.05,0.232,0.05,0.0005,0.1,0.0028,28.3,0.02,46000,24000,26,9.55,39.97,243,2.06,2024-02-21,"2024","2","RL-01"
20,8.9,6.8,1165,80,381.27,84.68,232.95,1.22,0.1,0.028,0.5,1.79,114.46,0.11,19.2,77.377,23.55,1.61,87.5,784.5,0.1,0.1,6.946,0.0049,0.1756,0.00101,0.5,0.5,1.876,0.079,0.0005,0.1,0.0234,151.3,0.02,460000,460000,32,2,100.03,872,1.82,2024-02-21,"2024","2","CS-01"
19,7.5,6,538,1.9,168.49,36.12,108.12,1.39,7.79,0.392,3.27,7.78,34.35,0.27,4.4,24.636,20.54,3.83,7,352,0.1,0.1,0.1287,0.0025,0.0313,0.0005,0.05,0.05,0.184,0.05,0.0016,0.1,0.0055,57.7,0.02,4600,2400,30,6.94,74.84,359,15.96,2024-04-22,"2024","4","RZ-05"
21,8.1,6.38,452,4.6,169.71,26.17,120.59,0.59,5.37,0.043,0.5,3.39,26.04,0.2,3,21.603,18.72,2.14,10,308,0.1,0.1,0.3143,0.0025,0.0311,0.0005,0.05,0.05,0.346,0.05,0.0005,0.1,0.0041,41.2,0.02,4600,2400,36,3.16,76.43,318,8.8,2024-04-22,"2024","4","RZ-04"
,,,,,,,,,,,,,,,2.8,21.1,,,,,,0.12,,,,,,,,,,,,,,,,,,,,,2024-04-22,"2024","4","RZ-03"
,,,,,,,,,,,,,,,13.1,38.7,,,,,,0.3,,,,,,,,,,,,,,,,,,,,,2024-04-22,"2024","4","RZ-02"
26,8.7,4.38,1209,140,444.94,97.47,236.63,1.8,0.1,0.014,0.5,5.62,147.1,0.12,24,87.351,19.67,0.97,281.82,821.18,0.1,0.1,7.0117,0.0395,0.2456,0.00258,0.05,0.05,10.63,0.164,0.0005,0.1,0.0296,172.6,0.02,240000,240000,32,2,132.66,1103,5.63,2024-04-22,"2024","4","CS-01"
20,7.7,5.91,510,5.5,159.05,23.24,119.96,0.36,4.02,0.015,0.86,3.86,30.42,0.1,1.1,19.01,9.72,6.05,12,306,0.1,0.1,0.4248,0.0025,0.0296,0.0005,0.05,0.05,0.359,0.05,0.0005,0.1,0.004,41.8,0.02,4600,2400,31,2,75.6,318,7.9,2024-05-21,"2024","5","RZ-05"
21,8.1,6.42,456,5.2,158.44,23.14,131.54,0.34,4.11,0.016,0.5,2.57,30.45,0.1,2.1,12.45,5.67,5.23,15,302,0.1,0.11,0.4063,0.0025,0.0297,0.0005,0.05,0.05,0.346,0.05,0.0005,0.1,0.0043,40.9,0.02,4300,4300,36,2,74,317,6.7,2024-05-21,"2024","5","RZ-04"
,,,,,,,,,,,,,,,6.9,32.1,,,,,,0.11,,,,,,,,,,,,,,,,,,,,,2024-05-21,"2024","5","RZ-03"
,,,,,,,,,,,,,,,19.1,41.3,,,,,,0.31,,,,,,,,,,,,,,,,,,,,,2024-05-21,"2024","5","RZ-02"
24,7.6,1.22,1327,3.55,445.88,98.14,234.33,1.68,0.1,0.01,0.5,5.43,147.17,3.06,2,64.131,27.12,0.65,7,863,0.1,0.72,0.1801,0.0025,0.16,0.00083,0.05,0.05,0.124,0.092,0.0005,0.1,0.0056,177.6,0.02,4600,4600,32,8.67,110.8,863,5.43,2024-05-16,"2024","5","RL-01"
26,8.8,4.88,1326,450,458.1,103.27,261.87,2.06,0.1,0.014,1.3,6.48,148.13,3.28,7.2,336.721,22.16,1.21,420,1190,0.9,0.25,42.1333,0.0025,0.3553,0.00144,0.05,0.05,25.318,0.589,0.0005,0.1,0.0128,183.9,0.091,1100000,1100000,34,2,121.2,1610,6.49,2024-05-16,"2024","5","CS-01"
22,7.5,4.17,401,4.9,106.73,22.44,96.71,0.38,5.16,0.26,1.9,3.49,55,0.17,3.1,12.11,35.16,1.53,12,260,0.1,0.1,0.9532,0.0104,0.046,0.0005,0.05,0.05,0.818,0.05,0.0005,0.1,0.0035,31.8,0.02,24000,24000,33,4.3,64.02,272,8.91,2024-06-27,"2024","6","RZ-05"
22,7.8,6.67,662,10.5,131.45,22.24,111.9,0.35,4.8,0.017,1.35,3.12,50.28,0.1,3.1,16.379,14.49,1.16,17.57,297.43,0.1,0.1,1.1904,0.0025,0.0335,0.0005,0.05,0.05,0.952,0.061,0.0005,0.1,0.0025,34.6,0.02,11000,4600,39,2,72.5,315,7.94,2024-06-27,"2024","6","RZ-04"
24,7.3,3.69,585,14,155.88,23.99,128.09,0.34,2.22,0.321,2.45,6.98,53.7,0.13,3.7,18.2,9.87,1.02,22,311,0.1,0.1,1.3711,0.0117,0.0577,0.0005,0.05,0.05,1.102,0.116,0.0005,0.1,0.0025,33.9,0.02,460000,460000,38,4.6,98.5,333,9.52,2024-06-27,"2024","6","RZ-03"
,,,,,,,,,,,,,,,7.8,28.6,,,,,,0.1,,,,,,,,,,,,,,,,,,,,,2024-06-27,"2024","6","RZ-02"
24,8.9,6.29,1359,180,443.65,113.6,225.98,1.38,0.1,0.035,1.65,5.21,158.18,0.22,15.1,117.356,78.28,1.1,274.36,882.64,0.1,0.1,16.05,0.0264,0.2271,0.0016,0.05,0.05,8.71,0.214,0.0005,0.1,0.0084,179.4,0.026,460000,460000,32,2,110.32,1157,5.25,2024-06-24,"2024","6","CS-01"
21,7.8,6.39,326,500,113.63,16.42,97.69,0.55,2.01,0.183,0.5,3.49,40.38,0.18,7.2,48.813,14.66,1.52,261.29,392.71,0.1,0.1,24.416,0.003,0.1284,0.0009,0.05,0.05,21.726,0.374,0.0005,0.1,0.0184,19,0.027,1100000,460000,29,4.87,71.51,654,5.68,2024-07-09,"2024","7","RZ-05"
21,8,6.94,282,310,115.14,12.68,94.53,0.55,1.8,0.281,0.5,3.92,33.34,0.18,8,82.23,5.61,0.95,251.72,273.28,0.4,0.1,25.844,0.0025,0.1159,0.00099,0.05,0.05,17.179,0.452,0.0005,0.1,0.0025,11.3,0.043,460000,460000,32,3.96,72.5,525,6,2024-07-09,"2024","7","RZ-04"
23,7.6,5.28,395,270,143.52,19.23,131.05,0.56,1.26,0.413,0.5,4.23,35.12,0.35,12.6,62.096,11.34,1.09,365.52,256.48,0.2,0.1,23.25,0.0025,0.159,0.001,0.05,0.05,14.098,0.533,0.0005,0.1,0.0025,25.2,0.027,1100000,460000,31,5.68,104.02,622,5.9,2024-07-09,"2024","7","RZ-03"
24,7.2,2.48,413,1000,114.64,25.64,128.28,1.76,5.35,0.051,1.65,4.72,49.54,0.13,38.9,123.962,12.01,2.12,1552.63,339.37,0.5,0.1,67.3245,0.0025,0.3724,0.00102,0.05,0.05,37.61,0.966,0.0005,0.1,0.0338,58.2,0.186,460000,460000,27,8.63,98.11,1892,10.12,2024-07-10,"2024","7","RL-02"
25,7.4,1.93,488,390,138.37,28.9,125.13,1.27,3.29,0.029,0.67,5.33,90.61,0.1,45.1,112.583,10.43,2.54,587.5,385.5,0.7,0.1,37.5402,0.0025,0.2433,0.0005,0.05,0.05,18.332,0.603,0.0005,0.1,0.0236,67.2,0.157,460000,460000,28,7.61,101.65,973,8.65,2024-07-10,"2024","7","RL-01"
22,6.8,3.49,253,750,111,20.45,92.96,1.21,0.21,0.032,2.02,4.1,10,0.1,12.8,131.548,8.06,3.04,757.89,302.11,0.1,0.1,48.3938,0.0025,0.2737,0.0005,0.05,0.05,30.223,0.923,0.0005,0.1,0.022,22.1,0.163,4600000,4600000,28,7.92,69.74,1060,4.34,2024-07-10,"2024","7","CS-01"
21,7.7,6.84,265,80,77.39,16.15,93.97,0.32,8.14,0.507,0.5,2.24,22.51,0.1,14.5,40.36,17.11,0.84,88,276,0.1,0.1,4.2639,0.0025,0.0999,0.00072,0.05,0.05,4.654,0.133,0.00095,0.1,0.0025,10,0.02,46000,46000,29,2.69,58.71,364,10.89,2024-08-20,"2024","8","RZ-05"
21,8.1,7.27,257,100,84.56,15.81,95.35,0.37,6.46,0.241,0.5,2.3,19.61,0.1,14.6,45.065,19.25,0.51,83,232,0.1,0.1,6.6476,0.0025,0.0915,0.0005,0.05,0.05,7.032,0.171,0.001,0.1,0.0028,10,0.02,1500000,750000,34,2.99,52.01,315,9,2024-08-20,"2024","8","RZ-04"
22,7.6,5.9,254,550,98.61,12,105.57,0.52,7.05,0.214,0.79,4.36,24,0.1,50.1,73.321,7.32,1.19,636.84,292.16,0.1,0.1,12.9156,0.0025,0.177,0.0005,0.05,0.05,29.023,0.724,0.00104,0.1,0.0168,10,0.034,1100000,460000,31,5.27,58.71,929,11.62,2024-08-20,"2024","8","RZ-03"
23,7.3,2.98,258,500,98.91,12.97,100.66,0.55,5.21,0.29,1.7,4.73,10,0.1,14.4,65.555,19.91,1.16,523.33,223.67,0.1,0.1,15.566,0.0025,0.1526,0.0005,0.05,0.05,28.128,0.398,0.00101,0.1,0.0114,10,0.034,460000,240000,34,5.77,61.86,747,10.23,2024-08-20,"2024","8","RZ-02"
23,7,3.81,429,650,90.82,14.17,90.83,0.91,2.62,0.316,1.45,2.73,10.38,0.1,57.7,87.37,7.13,1.3,728.57,273.43,0.1,0.1,76.485,0.0037,0.3185,0.0005,0.05,0.05,26.187,0.504,0.00084,0.1,0.0181,13.5,0.064,240000,240000,28,6.57,59.49,1002,5.67,2024-08-20,"2024","8","RL-02"
23,7.2,2.98,446,600,103.94,14.42,95.35,0.88,1.89,0.212,1.15,3.64,13.95,0.1,43,104.502,7.54,1.23,740.91,297.09,0.2,0.1,42.925,0.0038,0.3121,0.0005,0.05,0.05,24.246,0.548,0.00112,0.1,0.0174,15.9,0.089,46000,46000,29,7.46,58.71,1038,5.74,2024-08-20,"2024","8","RL-01"
23,6.8,3.41,451,550,109.68,12.97,87.49,0.74,1.32,0.225,1.88,4.12,27.97,0.1,48.6,102.597,17.99,1.08,640,336,0.1,0.1,45.96,0.0068,0.2338,0.0005,0.05,0.05,23.649,0.332,0.00103,0.1,0.0183,14.7,0.08,110000,110000,32,6.87,55.16,976,,2024-08-20,"2024","8","CS-01"
21,7.3,6.82,273,400,73.26,8.71,63.08,0.57,5.11,0.01,0.5,4.44,13.74,0.1,13.7,58.096,10.84,1.18,541.18,238.82,1.5,0.1,34.5601,0.0025,0.2188,0.0005,0.05,0.05,25.397,0.952,0.0005,0.1,0.0216,10,0.08,430000,240000,26,2.79,33.88,780,9.55,2024-09-17,"2024","9","RZ-05"
21,7.7,5.29,210,550,83.11,9.49,80.82,0.6,10.8,0.01,0.5,3.5,13.57,0.1,10.9,56.739,12.26,1.17,565.79,339.21,0.9,0.1,38.62,0.0025,0.2012,0.0005,0.05,0.05,28.988,0.766,0.0005,0.1,0.0233,10,0.127,2400000,2400000,28,2.99,44.92,905,14.3,2024-09-17,"2024","9","RZ-04"
22,7.3,6.09,230,1500,92.46,9.1,102.7,0.59,5.81,0.01,0.5,4.17,13.61,0.1,23.9,133.39,8.55,2.2,1850,258,2.3,0.1,87.78,0.0025,0.3867,0.0005,0.066,0.084,67.268,1.94,0.00086,0.118,0.0501,10,0.168,4600000,4600000,33,3.98,40.98,2108,9.98,2024-09-17,"2024","9","RZ-03"
23,7.5,5.1,310,800,95.37,9.44,83.97,0.68,5.46,0.01,0.5,5.89,15.77,0.1,12.3,83.76,6.9,1.59,987.1,324.9,1.5,0.1,56.5206,0.0025,0.2306,0.0005,0.05,0.05,42.755,0.99,0.00067,0.1,0.293,10,0.095,2400000,2400000,36,3.68,46.89,1312,11.35,2024-09-17,"2024","9","RZ-02"
24,7.4,2,441,200,131.66,31.02,104.67,0.74,3.2,0.355,2.78,7.39,62.25,0.1,22.9,70.446,29.73,1.63,226.09,366.91,0.2,0.1,17.09,0.0025,0.1854,0.0005,0.05,0.05,10.34,0.33,0.0005,0.1,0.0094,43.6,0.061,4600,2400,29,5.47,66.19,593,10.95,2024-09-11,"2024","9","RL-02"
24,7.4,3.03,389,200,125.12,23.82,102.3,0.67,3.1,0.362,2.33,2.56,58.04,0.1,16.7,54.586,25.7,1.42,202.44,331.56,0.1,0.1,16.5325,0.0025,0.1879,0.0005,0.05,0.05,10.632,0.301,0.0005,0.1,0.0094,35,0.047,46000,24000,28,6.17,87.07,534,6.02,2024-09-11,"2024","9","RL-01"
24,7.2,1.84,279,130,113.06,11.69,100.33,0.46,1.29,0.632,0.5,4.22,10,0.1,7.8,49.294,24.67,0.84,120,217,0.4,0.1,9.3296,0.0025,0.1038,0.0005,0.05,0.05,7.703,0.451,0.0005,0.1,0.0053,10.8,0.029,110000,46000,34,5.47,64.22,337,6.14,2024-09-11,"2024","9","CS-01"
19,7.7,6.53,307,5.9,115.92,19.32,98,0.28,5.71,0.127,0.5,2.33,20.72,0.1,2.5,36.298,5.14,0.48,8,237,0.1,0.1,0.2907,0.0025,0.0706,0.0005,0.05,0.05,0.607,0.05,0.0005,0.1,0.0025,15.7,0.02,24000,24000,29,2.5,63.4,245,8.17,2024-10-15,"2024","10","RZ-05"
18,8,7.32,281,9.4,114.35,14.43,103.19,0.24,4.82,0.098,0.5,2.44,19.7,0.1,3,25.226,5.14,0.3,12,219,0.1,0.1,0.7284,0.0025,0.0604,0.0005,0.05,0.05,0.964,0.05,0.0005,0.1,0.0025,10,0.02,24000,24000,30,2.1,63.6,231,7.36,2024-10-15,"2024","10","RZ-04"
20,7.7,5.58,337,22,139.76,18.54,139.32,0.34,3.96,0.37,0.5,3.05,23.31,0.1,2.4,26.998,5.14,0.37,27,260,0.1,0.1,2.3441,0.0025,0.0663,0.0005,0.05,0.05,2.185,0.085,0.0005,0.1,0.0025,12.5,0.02,460000000,460000000,32,2.3,87.6,287,7.38,2024-10-15,"2024","10","RZ-03"
22,7.3,1.67,697,22,184.38,19.62,143.91,0.43,0.12,0.042,0.5,3.77,22.03,0.1,39.7,108.941,5.14,0.65,23,260,1,0.1,1.2989,0.0025,0.085,0.0005,0.05,0.05,2.023,0.32,0.0005,0.1,0.0025,13.5,0.02,2400000,2400000,33,7.4,94.4,283,3.93,2024-10-15,"2024","10","RZ-02"
22,8.2,6.1,539,110,176.51,35.42,119.96,0.58,2.77,0.01,0.5,2.66,101.28,0.1,7.5,74.043,5.14,1.64,218.37,413.63,0.2,0.1,15.45,0.0025,0.1545,0.00095,0.05,0.05,8.091,0.238,0.0005,0.1,0.0117,56.8,0.062,4600000,4600000,29,2,78.8,632,5.43,2024-10-15,"2024","10","RL-02"
23,8,5.29,541,110,169.05,33.61,117.76,0.75,2.6,0.01,0.5,4.55,99.23,0.1,13.2,114.025,5.14,1.57,206,397,0.1,0.1,15.316,0.0025,0.1519,0.00076,0.05,0.05,7.929,0.242,0.0005,0.1,0.018,52,0.038,240000,240000,29,2,79.6,603,7.15,2024-10-15,"2024","10","RL-01"
24,7.3,2.08,864,25,183.75,22.45,128.94,0.38,0.1,0.029,2.05,4.66,22.2,0.1,23.8,101.645,5.14,0.81,25.49,275.51,0.1,0.1,1.3081,0.0025,0.0911,0.0005,0.05,0.05,2.246,0.496,0.0005,0.1,0.0051,17.6,0.02,11000000,11000000,34,7.9,63.2,301,4.69,2024-10-15,"2024","10","CS-01"
20,7.7,5.32,427,2.3,128.07,25.84,105.33,0.51,6.68,0.01,0.5,1.66,30.83,0.14,3.8,29.807,8.29,1.94,7,295,0.1,0.1,0.1396,0.0025,0.0465,0.0005,0.05,0.05,0.265,0.05,0.0005,0.1,0.0025,22.8,0.02,4600,2400,23,4.53,72.07,295,8.34,2024-11-19,"2024","11","RZ-05"
19,8,5.69,382,5.7,142.21,18.43,131.71,0.4,5.25,0.223,0.5,2.88,20.7,0.43,3.9,51.281,5.61,0.91,7,253,0.1,0.1,0.3659,0.0025,0.0526,0.0005,0.05,0.05,0.541,0.05,0.0005,0.1,0.0025,19.9,0.02,46000,24000,23,3.74,75.24,253,8.35,2024-11-19,"2024","11","RZ-04"
21,7.7,4.93,454,1.8,177.66,21.97,147.58,0.45,1.2,0.01,0.5,3.49,28.15,0.16,3.6,38.48,24.45,0.74,7,284,0.1,0.1,0.1799,0.0025,0.0528,0.0005,0.05,0.05,0.216,0.05,0.0005,0.1,0.0038,27.5,0.02,46000,46000,27,4.14,87.91,284,4.69,2024-11-19,"2024","11","RZ-03"
23,7.2,2.89,649,30,267.92,51.26,187.25,0.6,0.1,0.01,2.44,8.87,10.73,0.14,113.8,228.698,14.4,1.86,47.83,413.17,0.1,3.13,1.3664,0.0025,0.1003,0.0005,0.05,0.05,2.568,0.469,0.0005,0.1,0.0052,54.5,0.02,46000000,46000000,29,11.72,116.82,461,8.87,2024-11-19,"2024","11","RZ-02"
22,7.9,7.25,476,35,208.06,38,143.61,0.83,3.1,0.022,0.5,3.88,49.05,0.22,34.6,70.709,5.14,1.57,47,408,0.1,0.1,3.5269,0.011,0.118,0.00077,0.05,0.05,2.162,0.103,0.0005,0.1,0.0046,68.3,0.02,460000,240000,27,3.15,106.13,455,7,2024-11-20,"2024","11","RL-02"
23,7.9,6.95,463,37,176.75,26.03,115.05,0.63,0.86,0.01,0.5,3.38,76.22,0.16,7.3,54.572,5.14,1.2,47,306,0.1,0.1,3.7472,0.0025,0.0964,0.0005,0.05,0.05,2.649,0.111,0.0005,0.1,0.0033,47.1,0.02,46000,24000,27,5.32,68.51,353,4.24,2024-11-20,"2024","11","RL-01"
17,7.5,3.58,485,1.2,155.27,31.08,120.48,0.35,6.05,0.377,3.56,5.09,32.51,0.13,8.9,33.832,5.14,1.44,7,317,0.1,0.1,0.8808,0.0025,0.0426,0.0005,0.05,0.05,0.176,0.05,0.0005,0.1,0.0025,45,0.02,46000,46000,26,4.7,73.49,317,11.52,2025-01-15,"2025","1","RZ-05"
17,8,3.73,434,4.5,151.45,23.6,137.43,0.33,8.03,0.056,0.5,1.58,30.89,0.1,5.2,24.334,5.14,1,7,291,0.1,0.38,0.5293,0.0025,0.0408,0.00129,0.05,0.05,0.373,0.05,0.0005,0.1,0.0025,32.2,0.02,46000,46000,27,2.72,77.95,291,9.67,2025-01-15,"2025","1","RZ-04"
19,7.8,3.83,529,3.1,181.4,39.82,163.15,0.33,5.44,0.283,0.73,2.32,32.03,0.1,4.1,19.722,5.14,1.24,7,356,0.1,0.3,0.5894,0.0025,0.0438,0.00175,0.05,0.05,0.262,0.066,0.0005,0.1,0.0031,49.2,0.043,4300,4300,30,3.76,45.67,356,8.04,2025-01-15,"2025","1","RZ-03"
21,8.8,7.6,936,17,302.6,64.16,202.36,0.78,1.19,0.382,0.5,7.23,136.61,0.15,28.2,112.318,61.97,2.14,35.37,589.63,0.1,1.1,1.1738,0.0025,0.1165,0.00071,0.05,0.05,0.569,0.147,0.0005,0.1,0.0085,122.9,0.02,24000,24000,24,2,119.77,625,8.8,2025-01-20,"2025","1","RL-02"
21,8.7,8.02,856,20,297.57,60.95,209.1,1.2,0.1,0.302,0.5,4.52,130.03,0.1,12,84.434,39.67,1.78,27,575,0.1,0.66,2.1006,0.0025,0.1235,0.00072,0.05,0.05,0.638,0.185,0.0005,0.1,0.0101,111.3,0.02,24000,24000,26,2,123.42,602,4.82,2025-01-20,"2025","1","RL-01"
16,7.7,4.04,358,1.1,146.73,31.03,109.84,0.41,2.76,0.062,0.5,2.88,33.51,0.1,5.1,26.053,5.14,1.61,7,350,0.1,0.1,1.127,0.0025,0.0351,0.0005,0.05,0.05,0.175,0.05,0.0005,0.1,0.0045,53.2,0.02,1100,460,29,2,81.99,350,5.7,2025-02-11,"2025","2","RZ-05"
17,8.1,6.83,386,2.7,169.34,23.6,132.56,0.44,2.4,0.072,0.5,0.68,36.27,0.1,4.8,35.019,5.14,1.01,7,291,0.1,0.1,1.6316,0.0025,0.0353,0.0005,0.05,0.05,0.356,0.05,0.0005,0.1,0.004,37.5,0.02,4600,230,27,2,81.99,291,3.15,2025-02-11,"2025","2","RZ-04"
19,7.7,2.89,551,2.65,227.93,43.18,176.61,0.46,1.69,0.388,1.7,2.26,31.25,0.1,6.1,28.878,5.14,1.23,7,387,0.1,0.1,0.8012,0.0025,0.0363,0.0005,0.05,0.05,0.284,0.187,0.0005,0.1,0.0058,57.4,0.039,2400,430,29,2,101.89,387,4.34,2025-02-11,"2025","2","RZ-03"
21,8.1,2.82,1146,27,402.3,87.72,194.95,0.7,0.29,0.01,7.52,10.11,129.47,0.28,56.4,309.213,129.47,4.09,44.44,682.56,0.1,1.08,0.6208,0.0025,0.1198,0.0006,0.05,0.05,0.168,0.206,0.0005,0.1,0.0091,159.1,0.051,1100000,460000,20,4.39,119.8,727,10.4,2025-02-12,"2025","2","RL-02"
23,7.9,4.43,945,90,317.21,71.38,182.79,1.31,0.83,0.01,0.5,0.5,87.31,0.1,13.4,75.639,5.14,0.87,36.67,665.33,0.1,0.1,7.7714,0.0189,0.1716,0.00051,0.05,0.05,3.685,0.16,0.0005,0.1,0.0164,127.8,0.037,110000,24000,24,2,92.34,702,0.83,2025-02-12,"2025","2","RL-01"
17,7.8,2.72,817,5.1,232.73,34.88,170.63,0.59,0.58,0.055,2.58,4.27,40.78,0.1,4.3,42.403,5.14,1.44,14,357,0.1,0.1,1.2448,0.0026,0.0447,0.0005,0.05,0.05,0.491,1.584,0.0005,0.1,0.0025,62.5,0.02,240000,240000,23,2.67,102.48,371,4.91,2025-03-10,"2025","3","RZ-05"
17,7.7,7.01,605,3.4,201.49,24.56,142.53,0.41,0.78,0.025,0.5,1.57,20.25,0.1,4.8,53.946,5.14,0.72,13,326,0.1,0.1,1.0998,0.0025,0.0375,0.0005,0.05,0.05,0.341,0.05,0.0005,0.1,0.0025,38.8,0.02,460000,240000,30,2.97,92.34,339,2.38,2025-03-10,"2025","3","RZ-04"
17,7.9,3.78,791,3.75,265.03,43.44,174.02,0.51,0.15,0.076,2.98,4.66,36.69,0.1,16.1,45.025,5.14,1.99,7,416,0.1,0.1,0.8653,0.0033,0.0458,0.0005,0.05,0.05,0.455,2.195,0.0005,0.1,0.0032,68.5,0.02,240000,240000,31,2.67,104.67,416,4.89,2025-03-10,"2025","3","RZ-03"
25,8.3,2.2,1080,24,408.32,83.46,194.16,0.69,0.1,0.01,6.59,10.7,84.44,1,96,130.226,5.14,3.52,46.94,680.06,0.1,1.23,1.8088,0.0025,0.1161,0.0005,0.05,0.05,0.15,0.195,0.0005,0.1,0.0077,157.9,0.02,24000000,24000000,30,2,123.38,727,10.7,2025-03-06,"2025","3","RL-02"
25,8,3.02,951,85,320.14,71.47,189.37,1.25,0.66,0.01,0.5,0.62,91.77,0.1,9.7,71.126,5.14,0.91,41.67,666.33,0.1,0.1,8.6986,0.0025,0.1707,0.0005,0.05,0.05,4.551,0.187,0.0005,0.1,0.014,129.4,0.024,1100,1100,28,2,95.92,708,1.28,2025-03-06,"2025","3","RL-01"
23,8.4,4.46,939,60,312.62,71.72,179.21,1.26,0.73,0.01,0.5,0.5,92.57,0.1,9.9,73.29,5.14,0.62,57.97,631.03,0.1,0.14,7.5904,0.0025,0.1613,0.0005,0.05,0.05,2.917,0.091,0.0005,0.1,0.0121,132.5,0.02,24000,24000,26,2,88.75,689,0.73,2025-03-06,"2025","3","CS-01"
17,7.3,3.29,1043,1.1,157.11,40.02,133.34,0.37,2.99,0.176,2.02,2.74,40.53,0.13,2.9,57.647,5.14,1.92,8,364,0.1,0.28,0.7576,0.0025,0.0373,0.0005,0.05,0.05,0.135,0.05,0.0005,0.1,0.0039,60.7,0.02,460,460,24,3.45,93.26,372,5.91,2025-04-07,"2025","4","RZ-05"
17,8.1,7.02,936,3.2,165.67,29.29,331.34,0.38,2.45,0.03,1.57,3.98,29.17,0.1,2.1,17.097,6.6,1.31,11,314,0.1,0.7,0.5986,0.0025,0.0329,0.0005,0.05,0.05,0.332,0.05,0.0005,0.1,0.0033,44.2,0.02,11000,4600,24,2.27,78.59,325,6.46,2025-04-07,"2025","4","RZ-04"
21,8.4,7.52,1380,10.5,283.37,70.03,114.21,0.72,0.33,0.011,1.18,3.92,34.38,0.1,6.9,78.241,5.15,1.52,34,466,0.1,0.75,0.5238,0.0025,0.0509,0.0005,0.05,0.05,0.819,0.488,0.0005,0.1,0.0059,88.4,0.031,11000,4600,27,2,96.68,500,4.26,2025-04-07,"2025","4","RZ-03"
27,7.4,1.56,1088,45,381.52,79.41,178.4,1.2,0.1,0.01,7.02,15.33,91.79,0.72,45.5,186.559,5.28,1.67,59,717,0.1,4.74,3.3634,0.005,0.1326,0.00112,0.05,0.05,2.436,0.107,0.0005,0.1,0.0103,144.7,0.02,46000000,46000000,31,12.87,89.69,776,15.33,2025-04-28,"2025","4","RZ-02"
25,7.6,5.3,679,16,227.5,35.36,165.44,0.72,0.1,0.01,1.35,10.28,117.58,0.1,9.6,59.244,5.14,1.09,34,466,0.1,0.75,1.5624,0.0025,0.1144,0.00058,0.05,0.05,0.877,0.335,0.0005,0.1,0.0058,70.5,0.02,46000,46000,31,9.6,103.83,500,10.28,2025-04-28,"2025","4","RL-02"
25,8.5,6.46,1044,70,343.22,76.35,195.78,1.27,0.68,0.012,0.9,3.19,97.59,0.1,32.8,68.956,5.14,0.85,33,718,0.1,0.51,6.4596,0.0025,0.1708,0.00075,0.05,0.05,4.198,0.102,0.0005,0.1,0.0139,49,0.02,93,93,31,2,92.66,751,0.69,2025-04-01,"2025","4","RL-01"
24,8.7,6.27,1033,120,337.08,78.34,199.61,1.23,0.28,0.01,1.34,3.3,94.39,0.1,34.1,64.411,5.14,0.77,86.49,708.51,0.1,0.35,8.1831,0.0228,0.1844,0.00078,0.05,0.05,5.77,0.111,0.0005,0.1,0.0171,144.3,0.02,460,460,35,2,92.06,795,3.58,2025-04-01,"2025","4","CS-01"
19,7.7,4.08,461,2.2,157.91,36.86,117.86,0.41,2.65,0.017,1.18,3.2,37.89,0.1,3.2,65.335,9.98,1.8,7,359,0.1,0.27,0.631,0.0025,0.0432,0.0005,0.05,0.05,0.843,0.05,0.0005,0.1,0.0049,53.7,0.025,2400,2400,36,3.27,71.31,359,5.87,2025-05-09,"2025","5","RZ-05"
20,8.2,6.41,410,3.3,167.61,25.74,141.95,0.33,1.68,0.031,0.9,2.58,30.38,0.1,4.2,69.986,6.62,1.27,8,323,0.1,1.47,0.4444,0.0025,0.0295,0.0005,0.05,0.05,0.381,0.05,0.0005,0.1,0.0027,38.3,0.022,4600,4600,33,2.97,82.42,331,4.29,2025-05-09,"2025","5","RZ-04"
22,7.9,3.32,668,4,270.58,70.32,191.97,0.64,0.93,0.243,2.02,4.94,37.27,0.1,4.9,50.295,7.57,1.42,27,485,0.8,1.13,1.0714,0.03,0.0499,0.0005,0.05,0.05,0.909,1.268,0.0005,0.1,0.0077,87.9,0.02,46000,24000,34,2.67,107.06,812,6.11,2025-05-09,"2025","5","RZ-03"
24,7.4,1.42,1456,100,606.92,199.8,314.89,1,0.1,0.014,2.19,15,10,0.15,245,938.95,6.13,4.26,331.58,1134.42,27,8.23,1.3251,0.0065,0.1573,0.0011,0.05,0.05,2.202,1.26,0.0005,0.1,0.0176,195.4,0.035,460000,240000,37,8.22,128.47,1466,15.01,2025-05-09,"2025","5","RZ-02"
27,8,4.88,863,7.8,284.13,52.31,201.49,0.95,0.1,0.046,1.12,4.1,128.63,0.1,7.1,88.258,5.14,1.34,19,537,0.1,0.1,0.0982,0.0065,0.1233,0.0005,0.05,0.05,0.579,0.203,0.0005,0.1,0.0121,92.9,0.025,24000,24000,32,5.94,122.82,556,4.15,2025-05-08,"2025","5","RL-02"
29,8.6,5.56,1123,70,381.52,86.59,212.22,1.36,0.31,0.01,0.56,3.59,129.58,0.1,4.1,76.775,6.01,0.64,34,765,0.1,0.1,8.118,0.0214,0.1828,0.00092,0.05,0.05,3.678,0.122,0.0005,0.1,0.0251,145.2,0.037,2400,2400,32,2,108.68,799,3.9,2025-05-08,"2025","5","RL-01"
26,8.9,6.22,1110,120,371.48,89.31,216.07,1.39,0.1,0.01,0.67,4.55,130.69,0.1,5.9,93.214,6.63,0.84,115.94,766.06,0.1,0.46,13.7153,0.0225,0.1961,0.00112,0.05,0.05,6.582,0.141,0.0005,0.1,0.0188,146.2,0.045,110000,110000,34,2,104.23,882,4.55,2025-05-08,"2025","5","CS-01"
